id,life,dis,money,sex,age
7,6,3,7,2,5
8,7,2,5,1,2
11,5,2,4,2,4
16,5,2,6,2,4
23,3,3,3,1,4
28,8,3,3,1,1
33,3,3,5,1,4
35,3,2,2,2,3
69,4,2,2,2,2
70,6,2,4,1,4
71,7,2,5,2,2
75,2,1,2,2,4
87,1,1,1,1,4
104,1,2,4,2,3
112,7,2,4,2,3
117,6,2,5,2,4
124,2,4,0,1,4
133,5,3,5,1,4
149,5,3,5,2,3
150,5,3,6,2,3
151,6,3,5,2,3
155,4,2,5,2,4
164,5,3,7,2,2
168,7,2,7,2,4
174,8,3,5,2,4
175,7,2,6,1,3
179,5,3,6,2,2
188,2,1,3,2,3
192,5,2,3,1,4
194,5,3,4,2,4
210,2,1,0,1,3
215,5,3,5,1,3
226,7,1,7,2,3
231,7,3,5,2,2
233,6,3,5,2,4
236,6,4,4,1,5
243,3,4,3,1,4
250,5,1,2,2,4
258,7,2,6,2,3
273,7,2,5,2,3
281,5,2,5,1,3
284,4,3,2,1,2
287,5,2,2,1,4
295,4,2,3,2,3
302,3,1,2,2,3
309,5,3,5,2,4
315,5,2,8,2,4
323,5,3,4,1,5
327,5,2,5,2,4
334,6,3,5,1,2
340,5,3,5,2,1
348,3,3,3,1,4
354,0,2,0,1,1
357,6,2,4,1,3
366,6,2,5,2,1
368,7,3,5,2,3
378,5,2,5,2,2
381,8,3,7,1,2
394,7,3,7,1,2
403,6,3,5,2,3
406,4,3,2,2,3
407,3,3,4,2,2
465,8,2,3,1,2
480,7,3,5,2,3
496,7,3,4,1,1
502,5,2,5,2,1
511,5,3,0,1,1
521,5,2,5,2,2
530,5,2,2,2,2
534,7,2,3,2,2
535,5,2,7,1,3
558,8,3,5,1,2
575,5,2,5,2,3
579,3,2,4,1,4
592,9,3,5,1,2
605,9,3,5,2,1
611,5,3,2,2,5
614,5,2,3,1,1
617,5,3,7,1,2
618,10,3,6,2,3
624,5,2,0,1,1
648,1,2,2,1,5
657,3,3,5,2,2
661,3,2,1,2,3
668,8,3,5,2,1
686,5,3,1,2,3
694,5,2,5,2,4
701,3,2,3,2,2
702,5,2,2,2,4
710,6,3,6,2,4
722,7,1,7,2,4
729,5,1,1,2,3
739,7,2,5,2,4
758,8,2,2,2,1
762,2,2,7,1,5
763,2,2,3,1,4
764,3,1,2,2,2
782,5,1,5,2,5
795,5,3,3,2,2
809,2,2,6,2,2
811,2,2,3,1,4
817,5,2,6,1,2
819,6,2,2,2,5
820,5,2,4,2,3
825,8,2,8,2,2
837,7,1,6,2,3
846,7,2,3,2,5
878,3,1,3,2,4
879,3,1,3,2,2
881,3,2,3,1,3
885,3,1,3,2,4
893,7,2,5,2,5
895,8,1,5,2,2
904,3,2,3,2,5
913,3,1,3,1,4
929,3,1,2,1,3
931,8,3,4,2,5
933,5,2,4,2,4
935,5,3,3,1,4
948,7,2,5,2,4
954,2,2,2,1,4
960,5,3,2,1,4
966,7,2,5,1,1
969,4,1,5,2,3
972,3,3,1,1,4
989,6,3,0,2,1
996,8,4,4,1,5
999,10,3,3,2,4
1001,3,2,4,1,1
1004,5,3,5,2,4
1005,7,3,6,1,4
1009,10,3,5,2,4
1024,5,3,1,2,3
1029,8,1,3,1,3
1034,3,2,3,1,1
1039,7,3,7,1,4
1041,8,3,2,2,1
1051,3,2,5,2,5
1058,8,2,6,2,5
1066,5,3,8,2,1
1071,5,2,5,2,5
1093,1,2,5,1,3
1095,5,3,3,2,4
1103,5,2,3,1,3
1114,5,2,6,2,2
1121,4,1,5,1,1
1123,2,2,4,2,1
1143,6,2,5,1,1
1149,8,1,4,1,4
1156,7,2,3,1,2
1158,8,4,7,2,1
1163,8,3,5,1,2
1170,0,1,0,1,1
1177,3,3,3,1,5
1181,5,3,0,1,2
1187,7,3,1,2,5
1188,5,3,1,1,2
1201,7,3,2,2,1
1203,5,3,2,2,3
1206,7,2,2,1,2
1210,7,2,2,1,2
1215,6,2,2,2,2
1219,7,3,4,1,2
1225,7,3,4,2,4
1238,6,3,5,2,5
1245,1,3,5,2,1
1246,9,3,5,2,4
1250,5,3,7,2,1
1253,7,2,5,2,2
1254,10,3,5,2,4
1259,2,2,3,2,3
1265,8,3,7,1,4
1273,8,3,7,1,5
1276,0,3,2,2,1
1347,6,3,7,1,1
1351,2,2,2,1,4
1353,8,3,7,2,4
1366,5,3,5,2,4
1369,7,2,8,1,3
1387,7,3,5,2,3
1391,4,2,5,1,3
1394,8,2,6,2,3
1406,6,3,5,1,5
1416,5,3,5,2,3
1420,3,3,4,2,5
1421,5,3,7,1,3
1422,5,3,3,2,4
1426,2,2,2,1,3
1427,5,3,5,2,2
1430,5,2,0,2,3
1434,5,1,2,2,2
1436,5,3,3,1,3
1445,5,3,3,2,4
1449,5,2,4,1,2
1451,7,2,7,1,2
1453,9,1,10,1,1
1461,3,2,5,1,4
1477,3,3,5,2,5
1481,5,3,2,1,2
1493,5,3,4,2,3
1498,5,3,5,2,3
1501,6,2,0,1,2
1510,8,4,4,1,1
1511,6,2,4,1,1
1514,7,3,5,1,3
1527,5,3,5,2,1
1536,7,2,5,1,5
1542,1,3,1,2,1
1544,3,4,5,1,4
1547,4,2,1,1,4
1549,7,2,3,1,2
1552,3,2,1,2,4
1556,9,2,5,1,2
1558,1,1,0,1,2
1566,5,2,2,1,1
1578,6,2,5,1,3
1581,5,2,4,1,4
1588,5,2,3,1,2
1594,10,3,7,1,2
1611,7,2,5,1,3
1614,5,3,3,1,2
1616,7,3,8,1,4
1618,6,3,6,2,3
1624,7,3,5,2,3
1631,4,2,5,2,1
1644,5,3,5,1,3
1651,5,3,5,1,2
1654,5,3,5,1,5
1677,5,2,5,1,3
1683,5,3,5,2,3
1694,3,3,5,2,3
1699,7,2,7,2,4
1704,8,3,5,1,2
1713,5,3,3,1,4
1724,6,3,4,2,2
1725,6,2,6,2,3
1733,5,3,4,2,2
1749,6,2,5,2,3
1753,4,3,6,2,2
1763,6,3,6,2,3
1775,2,2,5,2,4
1783,9,2,5,2,5
1785,5,2,5,2,2
1787,6,3,6,1,3
1793,8,2,5,2,5
1805,10,2,5,2,3
1808,6,3,4,2,3
1811,6,3,6,2,4
1822,0,3,0,2,5
1827,5,2,6,2,2
1835,5,3,6,2,2
1844,7,3,7,1,3
1852,7,2,5,1,2
1871,5,3,5,2,3
1878,7,3,5,2,2
1885,7,2,1,1,3
1896,6,2,6,2,2
1900,8,2,8,2,2
1910,7,2,3,2,2
1911,5,2,5,1,3
1917,4,2,3,1,3
1922,2,1,6,1,2
1930,6,2,4,2,4
1934,1,2,2,1,4
1941,2,1,0,2,2
1945,5,3,4,1,3
1949,7,3,7,1,1
1957,5,2,2,1,5
1960,6,3,4,2,3
1962,6,2,5,2,3
1965,5,2,2,1,5
1969,5,3,5,2,3
1972,5,3,4,2,2
1975,6,2,4,2,2
1980,6,3,5,1,5
2010,5,3,4,1,5
2018,6,3,4,2,5
2022,5,3,3,1,2
2024,3,2,2,2,1
2025,6,4,3,1,1
2027,5,3,4,2,2
2028,5,3,4,1,1
2034,6,3,5,2,3
2045,7,2,5,1,3
2046,6,3,6,2,5
2062,6,2,7,2,2
2065,6,2,4,1,3
2068,6,3,5,2,4
2076,6,2,6,1,4
2085,6,3,5,1,4
2086,5,3,4,2,3
2090,6,3,5,1,2
2091,5,3,3,2,2
2096,6,2,5,2,2
2125,5,2,4,2,2
2126,7,3,4,2,2
2131,6,3,5,2,2
2134,7,3,4,1,2
2140,4,3,2,1,1
2151,5,3,5,1,3
2157,5,3,4,1,3
2160,6,3,4,1,4
2168,5,3,5,2,3
2172,4,3,4,2,2
2175,1,3,4,2,1
2177,7,3,6,1,3
2180,5,3,6,2,4
2191,7,3,6,2,3
2192,7,3,6,2,5
2194,7,3,6,2,3
2203,8,3,5,1,4
2210,8,2,7,2,2
2238,10,3,5,2,3
2257,5,2,5,2,3
2276,7,3,7,2,3
2282,7,2,6,1,3
2288,4,3,6,2,5
2294,5,3,5,2,4
2295,5,3,5,1,4
2298,5,2,1,2,1
2305,5,3,2,2,5
2307,9,3,6,1,4
2312,8,3,3,2,5
2314,8,2,5,2,1
2326,10,3,4,2,2
2335,5,2,3,2,4
2337,8,3,3,2,4
2342,5,3,5,2,5
2344,5,2,2,2,3
2365,7,2,7,2,1
2378,4,2,0,1,5
2391,6,3,3,2,4
2426,6,3,6,2,1
2453,4,3,0,1,2
2465,6,3,4,1,2
2476,8,3,7,2,4
2504,6,2,5,1,3
2509,8,3,8,2,3
2513,8,3,7,1,1
2515,4,3,7,1,3
2516,5,3,6,1,4
2521,9,2,9,1,4
2524,5,2,8,1,3
2527,7,3,7,1,5
2528,7,2,5,1,1
2555,7,3,5,2,3
2556,5,3,5,2,4
2565,6,3,5,2,3
2579,6,3,7,2,3
2582,6,3,5,2,4
2588,6,3,7,2,1
2591,7,3,3,2,4
2602,7,3,5,2,4
2605,4,3,5,2,1
2619,8,2,7,1,5
2621,5,2,1,2,3
2624,5,2,2,1,3
2627,7,3,3,1,1
2633,7,2,7,2,2
2641,5,2,4,2,3
2681,4,2,3,2,2
2683,7,2,5,2,1
2684,5,3,2,1,3
2688,7,3,5,1,3
2694,3,2,3,1,3
2695,6,3,6,2,1
2701,4,3,3,2,4
2705,4,2,3,1,5
2708,5,2,1,2,2
2716,0,2,5,2,3
2745,7,3,5,2,2
2754,4,2,5,2,5
2756,3,2,3,1,3
2761,5,3,3,1,1
2763,5,3,4,2,4
2777,6,3,4,1,5
2779,6,3,5,2,3
2780,5,2,5,2,3
2781,9,3,5,2,5
2783,7,2,4,1,3
2785,8,2,2,2,3
2786,8,3,4,1,4
2791,5,2,2,2,3
2797,5,2,2,2,3
2818,5,2,4,1,4
2819,5,2,4,1,2
2820,8,3,3,1,2
2821,7,2,4,2,3
2824,5,3,3,1,2
2841,4,2,2,2,2
2847,5,2,1,1,3
2849,6,2,3,2,4
2851,5,3,2,2,5
2853,6,3,2,2,5
2863,4,2,3,2,1
2866,5,2,2,1,1
2868,5,2,3,1,4
2885,6,3,2,2,5
2890,4,3,1,1,4
2907,8,3,4,1,4
2916,6,2,3,1,1
2940,9,3,6,1,4
2941,7,3,0,2,5
2942,7,3,5,1,5
2943,5,2,4,1,5
2944,8,3,5,2,2
2947,6,3,4,1,5
2949,5,2,5,2,5
2987,5,3,3,2,1
2992,8,3,5,2,5
2997,8,2,4,1,2
2998,8,3,4,2,4
2999,9,2,5,2,3
3001,5,2,5,2,4
3002,5,2,4,1,2
3005,7,2,5,2,2
3010,5,2,4,2,5
3014,8,2,4,2,1
3031,0,2,0,2,1
3037,7,2,5,2,1
3045,7,1,0,2,4
3049,6,2,6,2,1
3072,7,2,1,1,4
3073,3,3,1,2,5
3081,5,3,1,2,5
3082,3,3,1,1,5
3085,5,2,2,1,5
3087,7,3,3,2,4
3089,5,2,4,1,5
3091,5,3,4,2,4
3114,8,3,5,2,4
3123,5,3,5,1,4
3141,5,3,3,2,5
3146,5,3,4,2,5
3147,5,3,4,2,3
3154,7,3,3,2,3
3165,7,3,3,2,3
3167,6,3,5,2,2
3170,6,2,4,2,4
3173,7,2,3,2,2
3179,6,3,5,2,3
3197,7,1,5,2,1
3198,7,3,2,2,3
3209,8,3,4,1,4
3210,7,3,5,2,1
3217,7,1,3,2,2
3219,6,2,4,1,3
3225,6,2,4,1,2
3231,7,2,2,2,2
3233,7,1,3,2,3
3237,6,2,2,2,2
3242,6,2,2,2,3
3247,7,2,4,2,4
3255,5,2,2,2,3
3259,7,2,3,2,3
3262,5,3,3,1,3
3267,7,3,6,1,4
3277,8,3,7,1,5
3284,5,2,5,2,3
3291,3,2,4,2,3
3305,3,2,2,1,1
3312,4,2,3,1,2
3318,9,3,2,2,3
3319,7,2,3,2,3
3320,10,2,5,2,3
3334,5,2,4,2,3
3336,7,3,6,2,1
3338,5,2,4,1,2
3340,4,2,4,2,3
3341,4,3,4,1,4
3345,4,3,4,1,3
3346,4,3,6,1,4
3355,6,2,7,2,4
3356,4,2,4,1,2
3360,6,3,6,2,4
3394,7,3,7,2,2
3395,7,3,7,1,4
3402,6,2,5,2,3
3418,7,3,6,2,3
3423,6,2,6,2,4
3424,5,2,4,2,3
3427,7,3,7,2,5
3439,5,2,5,2,1
3448,3,2,0,2,2
3458,4,2,6,1,3
3459,8,1,4,2,4
3467,5,2,5,2,1
3470,6,2,5,2,4
3478,8,1,6,2,3
3483,5,3,2,1,1
3486,5,2,7,1,1
3554,7,2,2,2,1
3563,4,2,5,2,3
3568,7,2,6,1,3
3579,5,2,0,1,4
3581,3,2,5,1,2
3585,3,2,3,2,1
3590,3,2,2,2,4
3595,7,2,7,2,1
3602,5,2,3,1,5
3604,7,1,5,2,3
3667,7,2,7,2,2
3674,5,2,5,2,3
3675,5,1,5,2,2
3678,3,2,5,1,2
3682,5,2,5,1,5
3685,8,3,5,2,2
3687,5,1,7,1,4
3712,5,3,4,1,4
3721,0,4,1,2,4
3726,5,1,2,1,2
3728,6,2,3,2,4
3729,4,2,5,2,1
3740,8,3,7,2,2
3744,3,2,4,2,1
3745,4,1,3,2,3
3757,7,3,5,2,4
3765,0,2,1,1,2
3766,5,3,3,2,4
3768,8,1,5,2,3
3769,8,2,8,2,1
3774,10,2,9,1,2
3787,6,2,3,1,5
3795,5,3,5,1,3
3796,9,3,6,2,3
3814,4,1,3,1,3
3829,6,2,5,2,4
3831,5,2,6,2,5
3838,8,3,6,1,2
3852,5,4,7,2,4
3855,5,3,7,1,2
3871,5,3,5,2,2
3888,7,2,5,2,1
3891,5,3,6,1,3
3896,6,2,4,1,5
3905,2,2,2,1,5
3922,1,3,2,1,4
3927,7,2,7,2,5
3929,8,3,6,2,3
3948,5,1,1,1,4
3954,8,3,4,2,5
3963,7,3,5,1,1
4027,5,2,4,2,4
4033,5,2,4,1,5
4038,5,2,3,1,4
4050,3,2,2,1,2
4067,5,2,5,2,4
4069,5,2,4,2,3
4072,2,3,3,1,5
4078,5,2,5,2,5
4085,5,2,5,1,3
4095,7,1,4,2,1
4101,8,1,6,2,3
4109,8,3,7,2,3
4118,7,1,7,1,2
4124,7,2,8,1,2
4133,8,2,6,1,3
4138,9,2,5,1,1
4145,8,2,5,2,1
4155,1,2,5,2,2
4160,7,3,5,2,1
4166,7,1,6,2,1
4174,8,2,5,2,1
4181,6,2,4,1,5
4191,6,2,8,2,2
4199,8,3,7,2,3
4214,8,3,7,2,5
4222,8,2,6,2,4
4230,7,2,6,1,3
4239,8,2,7,2,3
4247,5,2,1,2,2
4253,5,3,4,1,3
4265,5,3,0,1,5
4271,5,3,0,2,2
4281,5,2,4,2,2
4288,5,3,4,2,3
4289,5,2,0,2,5
4293,8,1,5,2,4
4301,5,3,2,2,3
4304,4,2,3,1,2
4337,5,3,5,2,5
4340,6,3,5,1,1
4344,7,3,7,2,3
4346,3,2,5,1,5
4353,5,3,5,1,5
4356,5,3,5,1,5
4358,5,2,3,1,4
4360,5,3,4,2,5
4363,5,1,5,2,2
4372,4,2,4,2,5
4378,7,2,6,1,1
4384,8,2,7,2,5
4389,8,2,6,2,4
4393,8,2,4,2,4
4396,5,2,5,2,3
4401,5,2,5,1,4
4408,3,1,3,2,5
4413,8,3,4,2,4
4422,10,1,5,1,2
4423,2,2,2,2,4
4430,6,3,1,1,4
4435,7,2,5,2,4
4440,5,2,1,1,4
4445,5,2,5,2,5
4450,5,2,5,2,5
4452,5,3,5,2,4
4454,6,2,5,2,1
4460,5,2,4,2,1
4465,8,2,5,1,5
4470,6,3,4,2,5
4475,6,2,5,1,2
4480,6,3,3,1,5
4482,7,2,6,1,4
4491,7,2,2,2,4
4495,3,2,3,2,4
4501,7,1,4,2,3
4510,8,1,6,1,5
4512,3,2,4,1,5
4519,5,3,1,2,4
4531,7,2,7,2,1
4532,7,3,7,1,5
4533,7,2,7,1,3
4538,7,2,6,2,4
4543,8,3,5,2,3
4548,8,3,6,1,3
4556,8,3,6,1,3
4562,8,2,4,1,3
4572,2,3,1,1,5
4577,5,3,5,1,1
4583,5,2,4,2,5
4593,3,2,3,1,4
4608,2,2,1,1,4
4613,3,3,3,1,5
4619,8,3,4,2,2
4634,5,3,3,2,5
4638,8,3,7,1,1
4645,5,2,2,2,2
4653,8,2,5,2,2
4658,5,2,5,2,4
4665,5,2,1,2,5
4671,3,1,0,1,1
4679,4,2,3,1,4
4686,10,2,6,1,3
4689,5,3,5,1,2
4697,7,2,5,2,5
4704,5,2,3,2,2
4706,6,2,2,2,3
4717,2,2,1,2,3
4727,8,4,7,2,5
4728,2,2,0,1,3
4736,5,2,4,1,1
4739,5,2,4,1,4
4745,5,3,3,1,4
4751,6,2,4,2,3
4756,6,3,4,2,3
4762,6,3,2,2,4
4769,4,2,1,1,4
4776,2,1,4,1,1
4789,5,2,5,2,2
4796,8,2,4,2,3
4800,3,2,3,1,3
4803,4,2,1,1,2
4815,6,2,0,2,1
4817,5,2,5,2,3
4831,7,2,5,2,2
4836,2,2,5,2,1
4839,5,3,6,2,2
4844,4,3,6,2,2
4846,2,2,5,1,2
4855,6,2,7,1,1
4856,5,1,5,2,3
4859,4,3,3,2,1
4861,5,3,5,1,1
4865,4,2,4,1,1
4871,3,3,4,2,4
4872,8,2,5,1,4
4873,5,2,3,1,3
4877,7,3,7,2,2
4881,5,2,7,1,1
4885,6,1,4,2,4
4900,6,2,7,1,4
4903,3,2,2,2,3
4909,5,3,4,2,3
4920,6,3,5,1,1
4925,8,2,7,2,4
4932,8,1,7,2,3
4937,8,2,5,1,1
4944,9,2,4,2,1
4950,8,2,4,1,5
4956,9,2,5,2,2
4962,9,2,4,2,3
4968,8,2,6,2,3
4975,8,3,4,2,3
4977,2,4,0,2,5
4988,8,3,5,2,1
4990,3,3,2,1,5
4998,2,3,2,1,5
5002,2,3,1,2,5
5008,5,3,2,2,3
5016,7,3,4,1,1
5021,5,3,3,2,4
5034,2,2,1,1,5
5105,8,4,8,1,1
5109,8,3,4,2,4
5136,5,3,3,2,1
5138,2,3,5,2,3
5142,8,3,5,2,3
5158,8,3,5,2,4
5166,9,3,6,1,2
5174,5,2,5,2,3
5176,8,3,5,2,5
5186,8,3,3,1,2
5193,8,3,2,2,4
5200,8,3,1,2,4
5207,5,2,2,2,3
5214,8,3,7,1,3
5221,9,2,2,1,1
5227,2,2,2,2,4
5235,8,1,3,2,4
5242,8,3,4,2,2
5250,9,3,4,1,1
5258,8,3,5,2,3
5267,8,3,8,2,2
5274,5,3,3,1,4
5280,4,2,3,1,2
5286,5,4,4,1,5
5292,7,2,4,1,1
5298,5,4,4,2,4
5302,5,3,5,2,4
5307,6,2,4,2,2
5327,7,2,0,2,3
5329,6,2,3,2,4
5330,5,2,3,2,1
5337,6,2,3,2,3
5344,7,2,2,2,5
5352,3,2,3,1,4
5353,5,1,1,2,3
5367,3,2,5,2,4
5370,5,3,5,1,5
5376,6,3,2,1,1
5388,6,3,5,2,4
5397,7,2,6,2,2
5408,7,2,6,2,2
5412,8,2,4,2,2
5417,4,3,5,2,2
5423,6,2,5,2,2
5426,8,3,5,2,3
5429,8,3,7,2,1
5436,5,3,5,2,1
5445,3,1,1,2,2
5457,7,2,5,2,5
5461,6,3,2,2,5
5466,5,3,3,2,5
5471,0,3,0,1,1
5475,9,2,6,1,5
5479,5,3,2,2,3
5484,5,3,5,2,4
5488,7,3,5,2,4
5492,5,3,2,2,5
5494,7,2,3,2,1
5499,8,3,5,2,3
5501,3,2,3,2,4
5510,7,3,4,2,5
5514,2,3,6,2,3
5521,7,3,4,2,5
5526,3,3,3,1,1
5533,5,2,5,2,2
5537,6,3,4,1,2
5542,5,2,5,2,3
5548,2,3,4,2,4
5551,7,3,7,2,2
5559,7,2,7,1,4
5572,3,3,3,2,5
5575,6,2,5,2,5
5579,7,3,7,2,5
5581,5,3,5,1,4
5583,6,2,7,2,4
5585,8,3,5,1,1
5592,5,2,3,2,5
5599,3,3,3,1,4
5602,5,2,5,1,4
5610,10,2,5,2,3
5611,5,3,1,2,2
5616,9,2,7,2,3
5619,8,2,4,2,3
5620,2,3,1,2,5
5626,3,2,1,2,4
5634,5,3,3,1,3
5636,9,2,5,1,4
5640,8,3,6,1,5
5642,8,3,5,2,3
5643,5,2,1,1,5
5647,10,3,9,1,5
5648,5,2,5,2,4
5674,7,2,3,1,3
5685,6,2,5,2,4
5688,9,1,5,1,4
5691,2,2,3,1,4
5695,8,2,7,1,1
5701,9,3,7,1,3
5708,6,2,4,1,4
5717,6,3,3,2,4
5721,9,3,6,2,4
5737,8,2,6,2,4
5742,8,3,4,2,4
5751,9,2,7,1,4
5759,8,3,7,2,4
5763,8,3,8,2,4
5769,7,3,8,2,4
5773,8,2,7,2,4
5775,9,3,8,2,4
5776,8,3,8,1,4
5791,8,3,8,1,4
5793,8,3,7,2,4
5795,7,3,6,1,1
5803,8,3,7,1,3
5818,6,2,3,1,2
5823,7,3,5,2,4
5833,5,2,3,2,4
5836,5,3,4,1,4
5842,5,3,5,2,3
5848,8,1,9,2,2
5853,7,2,4,2,4
5857,6,1,3,2,2
5863,8,3,3,2,3
5866,7,3,6,2,3
5870,6,2,4,2,3
5871,5,2,5,1,2
5877,2,2,3,2,5
5885,5,2,6,2,3
5892,8,3,6,1,2
5899,5,2,4,1,4
5913,5,3,6,2,3
5920,7,2,5,2,2
5935,7,3,7,2,3
5941,7,3,3,1,2
5947,7,1,7,2,2
5955,6,3,7,2,3
5957,10,3,10,2,4
5961,8,3,8,2,4
5972,5,2,2,2,3
5976,7,3,5,2,2
6053,3,3,3,1,5
6062,6,2,1,1,4
6071,4,1,3,1,4
6076,4,2,5,2,3
6081,5,2,3,1,1
6087,6,2,3,1,2
6095,6,3,3,1,5
6098,6,3,2,2,2
6102,6,1,2,1,4
6106,7,2,3,1,4
6116,7,2,5,1,5
6131,5,1,2,2,2
6136,6,1,3,2,4
6144,6,3,4,1,3
6150,5,3,2,1,4
6157,0,1,2,2,3
6163,5,3,3,2,5
6170,5,3,5,2,4
6174,5,2,3,2,1
6179,6,2,1,2,5
6182,6,3,3,2,5
6187,5,4,2,1,3
6191,4,2,2,2,4
6195,4,2,2,2,4
6201,5,3,2,1,4
6204,5,2,3,1,4
6208,4,2,3,2,1
6213,5,1,2,2,4
6219,5,2,4,2,3
6223,7,3,4,2,4
6227,7,3,4,1,1
6231,6,2,5,2,3
6234,8,3,3,2,4
6240,7,4,4,2,4
6243,7,3,6,1,1
6248,7,4,6,1,5
6250,5,2,5,2,3
6255,8,3,6,1,4
6259,8,3,5,2,5
6261,6,3,5,2,5
6262,8,3,5,1,5
6274,5,3,4,1,3
6279,8,3,6,1,5
6286,3,3,3,2,5
6289,5,3,5,2,2
6294,5,3,5,1,3
6299,5,3,5,2,3
6304,4,2,5,1,2
6311,5,2,6,2,4
6313,3,2,2,1,3
6319,5,3,5,1,2
6324,10,2,5,2,3
6335,5,2,5,2,4
6339,5,3,5,2,3
6341,6,2,6,2,1
6351,7,1,5,2,3
6357,7,1,5,1,2
6365,5,3,3,1,5
6378,5,3,2,2,2
6382,3,2,3,2,1
6388,7,3,3,1,2
6398,2,2,2,2,3
6404,7,2,2,1,5
6455,7,3,5,2,3
6468,7,2,3,1,2
6472,5,2,1,1,2
6481,7,3,4,1,5
6485,5,2,5,1,5
6494,8,3,3,2,5
6501,7,3,7,2,3
6518,4,3,2,2,5
6523,7,3,2,2,4
6528,6,1,2,1,5
6531,5,2,3,2,5
6537,6,3,3,2,5
6542,6,2,5,2,1
6547,6,2,1,2,5
6551,7,4,4,1,5
6563,5,3,2,2,5
6566,5,3,2,2,4
6572,3,1,1,1,5
6576,5,3,4,1,4
6580,3,1,2,1,5
6590,6,2,4,2,4
6595,4,2,2,2,4
6597,6,3,4,1,4
6602,5,1,3,1,4
6603,6,3,5,2,5
6605,5,3,6,2,5
6611,5,3,7,1,3
6615,7,3,6,1,5
6621,5,2,4,2,4
6625,6,3,7,2,4
6636,7,3,5,2,5
6646,3,2,3,1,4
6652,3,2,1,2,1
6655,4,3,5,1,5
6658,5,3,5,1,4
6665,8,3,2,2,5
6672,5,3,6,2,2
6677,7,3,4,1,3
6682,8,2,4,1,1
6687,5,3,4,2,4
6698,6,3,4,2,5
6703,5,4,2,1,4
6711,8,4,5,2,5
6717,5,3,4,2,4
6724,9,3,5,2,1
6731,5,2,6,1,1
6739,5,3,6,2,5
6746,8,3,6,1,2
6763,7,3,5,2,2
6767,5,3,4,2,4
6774,6,3,2,2,5
6784,5,2,5,2,2
6789,8,3,5,2,4
6795,7,3,4,2,3
6807,4,3,5,2,2
6818,5,4,5,2,4
6820,4,3,4,2,2
6836,6,4,5,1,1
6839,3,2,3,1,4
6845,7,2,5,2,2
6859,5,2,6,2,4
6866,6,3,5,2,3
6873,8,3,5,1,2
6876,7,4,5,1,2
6881,5,3,4,2,1
6887,4,2,5,1,2
6895,7,4,5,1,3
6898,3,3,1,2,3
6907,6,2,6,2,3
6913,7,3,2,2,3
6919,3,2,3,1,4
6926,5,2,5,2,4
6931,8,4,6,2,2
6937,5,3,4,2,3
6943,4,2,5,1,3
6949,3,3,5,1,3
6956,5,4,5,2,5
6960,5,3,4,2,3
6967,7,1,6,2,3
6972,7,3,5,2,3
6977,7,2,7,2,3
6982,8,2,6,2,3
6987,5,3,5,1,4
6993,7,2,6,2,3
6997,7,2,5,1,2
7000,2,2,5,2,1
7009,3,1,6,2,1
7012,5,2,8,2,5
7018,3,2,7,1,3
7026,5,3,4,1,4
7030,6,3,8,2,4
7039,8,3,5,1,3
7047,6,2,7,1,4
7057,6,2,5,2,3
7062,8,3,9,1,4
7068,10,3,10,2,4
7074,5,1,7,2,2
7081,7,2,3,1,2
7084,5,3,7,2,3
7097,3,2,2,1,2
7109,5,2,2,2,3
7111,8,3,5,2,2
7122,10,2,2,2,2
7130,5,2,2,2,5
7136,5,4,8,1,4
7146,9,3,4,1,4
7152,8,3,7,2,4
7160,7,3,7,2,3
7165,6,4,6,2,2
7175,5,3,5,2,3
7181,3,3,3,2,1
7189,6,4,5,2,4
7196,8,4,6,1,3
7204,8,4,7,1,4
7211,7,3,0,2,2
7213,8,4,7,2,3
7221,8,3,7,1,3
7222,7,3,7,1,3
7224,7,4,5,2,3
7229,8,4,5,2,3
7247,9,3,8,2,4
7253,8,4,6,2,4
7268,6,3,5,2,5
7269,7,3,5,2,4
7282,6,3,5,2,4
7295,3,3,5,2,5
7296,9,3,7,1,5
7302,5,3,5,1,3
7309,9,3,6,2,1
7319,5,4,5,2,5
7325,0,2,0,1,2
7330,5,3,5,2,4
7338,8,4,6,2,1
7346,7,4,5,2,5
7351,6,3,6,2,2
7361,7,3,5,2,4
7374,5,3,5,1,3
7380,5,2,3,1,4
7387,6,3,5,1,3
7393,4,2,1,2,1
7402,3,3,5,1,4
7404,7,3,4,1,3
7418,5,2,5,2,1
7427,5,3,5,1,2
7432,9,3,5,2,3
7438,5,4,3,2,2
7442,7,3,3,1,2
7445,6,2,2,2,2
7450,5,2,1,2,3
7454,5,2,1,2,1
7459,7,2,3,2,3
7463,8,2,4,2,1
7469,5,3,3,2,1
7473,2,3,1,2,3
7476,6,2,3,2,2
7485,5,1,5,1,1
7492,4,2,5,2,3
7500,6,3,3,2,3
7506,6,2,5,2,1
7512,3,1,4,2,3
7519,7,2,2,2,2
7528,3,3,4,2,1
7532,3,2,3,2,2
7539,4,2,3,1,1
7546,5,2,5,1,2
7551,5,2,2,2,3
7554,4,3,3,1,4
7559,4,1,1,2,2
7565,4,2,2,2,3
7568,7,2,5,2,2
7572,7,3,1,1,2
7577,5,2,1,2,1
7584,7,3,5,2,2
7587,5,2,1,2,3
7591,5,2,6,2,3
7595,8,3,5,2,3
7602,8,2,7,2,1
7611,8,3,4,1,3
7618,5,2,5,1,1
7628,5,2,6,2,3
7635,8,3,4,2,4
7648,8,3,5,1,1
7654,6,2,3,2,2
7720,5,2,5,2,3
7724,7,3,5,2,3
7728,6,2,5,1,3
7736,8,2,5,2,2
7746,6,2,4,2,2
7749,8,3,5,1,4
7773,8,2,5,2,4
7778,5,2,5,2,3
7779,7,2,5,1,3
7784,9,3,10,1,5
7786,8,4,5,1,5
7787,7,2,5,2,2
7789,8,2,3,1,2
7790,7,3,5,1,4
7801,3,2,5,2,3
7803,7,2,5,2,3
7876,4,3,3,1,1
7881,7,3,5,1,3
7891,5,2,4,1,2
7897,2,1,0,2,4
7898,5,3,5,2,3
7905,4,2,1,2,3
7912,5,3,5,2,3
7915,5,3,5,2,2
7922,10,2,8,2,2
7929,4,2,5,2,4
7944,8,2,3,2,4
7963,1,2,0,2,5
7969,7,2,3,1,3
7978,7,3,5,1,2
7986,6,3,2,1,3
7992,7,3,2,2,5
7999,5,3,2,1,3
8012,10,3,5,1,3
8020,5,3,3,2,3
8031,5,2,4,2,2
8034,6,2,3,1,2
8040,4,3,3,1,3
8048,8,1,7,1,1
8052,4,3,4,1,3
8066,5,2,3,1,2
8074,5,2,3,1,3
8081,5,3,5,2,3
8084,5,2,4,2,3
8086,5,2,4,2,3
8088,2,2,1,2,4
8091,5,2,4,2,2
8097,5,1,2,2,5
8102,3,2,3,2,2
8104,5,2,5,1,2
8105,5,3,4,1,3
8114,2,3,4,1,4
8139,5,3,3,2,2
8143,5,3,1,2,4
8145,7,3,5,2,5
8146,5,3,5,1,5
8151,8,2,3,2,4
8152,6,2,3,2,2
8154,8,3,5,1,3
8155,5,2,5,2,2
8156,8,2,5,1,3
8160,7,3,5,1,2
8171,7,3,4,1,3
8172,7,2,7,1,3
8187,8,3,7,1,3
8202,5,3,2,1,1
8212,4,2,4,1,2
8215,9,1,4,1,4
8220,5,3,1,2,5
8224,6,2,5,2,3
8237,4,3,5,1,5
8241,1,2,5,1,2
8245,7,2,0,1,1
8253,5,2,5,1,4
8256,2,2,3,2,2
8262,3,4,5,2,4
8314,2,3,0,2,3
8321,5,3,5,1,2
8323,3,2,1,1,3
8334,6,2,7,2,1
8341,4,3,4,1,1
8350,9,3,5,1,2
8354,5,2,5,1,4
8355,5,1,5,1,3
8358,5,3,4,2,1
8360,5,3,7,2,4
8366,7,2,5,1,4
8373,6,2,5,2,2
8378,6,2,0,1,3
8379,6,3,5,1,2
8380,7,3,5,2,5
8391,6,3,5,1,3
8393,8,2,3,2,2
8399,5,3,2,2,4
8400,8,3,6,1,1
8411,6,3,5,1,1
8412,3,2,3,2,4
8424,5,3,5,1,1
8454,5,2,5,2,5
8456,5,3,3,1,5
8461,5,3,3,1,3
8464,5,2,3,2,5
8468,7,2,8,1,2
8473,2,2,2,2,5
8476,5,1,2,2,4
8484,5,3,4,1,4
8488,6,2,5,1,4
8496,6,2,5,2,4
8499,5,3,5,2,2
8500,5,2,5,1,5
8504,6,2,5,1,4
8510,4,2,6,2,3
8516,6,2,5,2,2
8521,6,2,5,1,2
8545,5,1,6,2,1
8558,6,2,6,1,4
8560,6,2,6,2,4
8563,6,3,6,2,3
8564,7,2,6,2,2
8569,6,2,6,2,3
8572,5,2,6,1,5
8589,6,3,5,2,3
8603,0,1,0,1,4
8606,2,2,2,2,3
8614,7,3,2,2,3
8652,5,3,2,2,5
8654,5,2,2,1,2
8655,5,2,3,2,1
8660,3,3,3,2,3
8661,8,2,3,1,1
8663,6,2,5,2,1
8667,3,4,3,1,1
8670,8,2,8,1,2
8682,7,3,5,2,4
8688,10,2,7,2,3
8693,5,3,6,1,2
8704,3,3,3,1,4
8705,7,3,7,2,2
8708,5,3,5,1,1
8709,10,2,6,1,5
8712,6,2,4,1,3
8713,6,1,7,2,2
8716,5,2,3,1,3
8728,4,2,2,1,3
8729,5,3,4,1,2
8739,7,3,8,2,1
8740,5,1,3,2,2
8747,6,3,5,1,4
8749,8,3,5,1,1
8759,6,2,4,1,4
8767,3,2,2,2,2
8768,7,2,2,2,3
8781,7,2,3,2,3
8784,7,2,5,1,2
8796,4,1,4,1,2
8800,5,2,3,1,2
8812,5,3,3,1,4
8815,8,3,5,2,2
8829,5,2,5,1,3
8835,3,3,3,2,2
8838,8,3,4,2,2
8848,5,3,5,2,4
8849,5,2,5,1,5
8855,7,2,4,1,4
8858,6,2,5,2,2
8861,5,3,5,1,2
8870,5,3,3,2,4
8888,6,3,4,1,1
8890,7,3,1,2,5
8920,6,3,3,2,4
8921,4,3,5,1,3
8932,5,3,7,2,2
8935,6,2,3,2,2
8937,6,3,4,2,4
8943,6,2,5,1,5
8971,6,3,5,2,5
8975,6,2,4,2,2
8981,6,2,4,2,3
8993,7,3,4,2,4
8994,5,1,2,1,3
8996,3,3,5,2,4
8998,4,2,5,1,2
9003,5,3,4,2,1
9004,6,2,5,1,3
9026,3,2,4,2,4
9030,4,2,5,1,5
9048,3,2,2,1,4
9055,8,1,7,2,2
9060,2,2,6,1,1
9070,5,3,7,2,4
9075,2,3,3,1,1
9078,5,4,6,1,5
9093,3,1,5,1,2
9097,6,3,5,2,1
9100,7,3,5,2,2
9101,2,1,3,1,3
9103,5,2,5,1,3
9114,6,3,4,2,2
9116,3,2,0,1,2
9118,9,3,5,2,3
9123,5,3,5,2,3
9125,5,2,5,1,4
9139,0,1,0,1,2
9141,5,2,6,2,3
9144,2,3,3,1,4
9147,5,1,3,1,3
9158,6,2,2,2,4
9180,5,2,6,1,2
9181,5,2,5,2,5
9186,6,3,5,2,1
9190,5,3,5,2,4
9191,6,2,4,1,4
9195,6,2,2,2,1
9213,7,2,5,2,3
9215,10,3,7,2,1
9216,5,3,4,2,4
9222,5,4,5,1,4
9234,5,1,8,2,3
9248,5,2,4,2,3
9249,5,2,3,2,2
9251,5,2,5,2,2
9261,3,1,3,1,1
9263,6,2,4,1,1
9264,5,2,5,2,2
9267,3,3,5,1,2
9272,5,3,4,1,3
9273,7,3,6,1,2
9281,5,1,5,1,3
9285,0,2,0,1,3
9295,8,3,5,2,2
9305,10,2,5,1,1
9306,5,2,4,1,3
9311,5,2,5,1,2
9312,8,2,8,1,4
9313,7,1,6,1,2
9314,2,3,2,2,3
9316,5,2,7,2,4
9389,5,3,5,1,4
9390,6,2,4,2,4
9392,4,3,3,2,4
9394,5,3,4,2,3
9395,5,3,4,2,5
9401,6,3,5,2,3
9402,6,3,8,2,2
9409,5,3,6,1,1
9421,4,1,4,2,5
9430,5,2,4,2,3
9436,5,2,7,1,2
9453,7,4,6,2,2
9455,8,2,7,2,2
9462,8,2,6,1,5
9466,5,4,7,1,2
9472,4,4,7,1,2
9478,7,3,7,2,2
9480,4,2,6,2,4
9483,6,4,8,2,3
9489,5,3,7,2,3
9504,6,3,8,2,2
9509,3,3,7,2,5
9522,6,4,7,2,1
9523,8,3,8,2,1
9529,5,3,7,2,1
9547,5,4,4,2,3
9553,5,3,7,2,2
9555,5,3,4,1,4
9557,6,2,5,2,5
9562,6,2,1,1,4
9568,8,2,6,2,4
9571,6,3,5,1,4
9577,2,2,1,1,4
9582,9,2,5,2,5
9586,9,3,5,2,3
9590,3,3,4,2,2
9595,9,3,5,2,5
9606,4,2,4,2,1
9608,1,1,5,1,2
9611,7,3,2,2,2
9626,7,3,5,2,2
9629,4,3,5,2,1
9636,5,3,5,2,2
9637,6,2,5,2,2
9642,6,3,7,2,5
9652,2,2,1,2,3
9657,4,3,5,2,2
9661,3,2,1,1,4
9665,7,2,8,1,3
9670,1,2,0,1,4
9674,7,2,5,1,5
9681,5,3,3,2,2
9684,6,2,5,2,3
9686,5,3,4,2,4
9697,5,4,2,1,2
9702,5,3,5,1,3
9712,8,3,3,2,3
9718,10,3,7,2,3
9723,5,3,7,2,2
9734,5,1,4,2,3
9739,8,3,5,1,2
9743,5,3,7,2,3
9756,10,3,7,2,5
9760,5,2,5,2,4
9761,6,3,6,2,2
9762,5,3,4,1,2
9766,8,3,6,1,5
9769,6,3,5,1,3
9792,8,2,7,2,3
9793,5,2,3,2,3
9797,8,3,5,1,4
9869,7,3,6,2,3
9876,7,3,7,2,2
9877,6,3,5,2,5
9884,6,2,5,2,4
9887,6,3,5,2,3
9894,8,2,5,1,5
9898,5,2,7,2,1
9903,7,2,8,2,3
9910,5,3,5,1,4
9917,7,3,7,2,2
9932,9,2,5,1,4
9939,2,2,5,2,5
9947,8,3,7,2,5
9951,8,2,5,2,2
9953,5,2,6,2,4
9961,9,2,6,1,4
9967,7,2,5,1,5
9979,2,2,3,2,3
9985,5,2,5,2,1
9986,5,2,5,2,1
9997,9,3,5,2,3
10000,5,2,5,2,4
10002,5,3,6,1,4
10007,6,2,3,2,1
10014,8,3,4,2,4
10018,8,3,4,2,4
10021,8,4,6,2,5
10025,7,3,6,1,4
10043,7,3,5,2,1
10050,5,3,5,1,5
10054,5,3,5,2,4
10058,7,3,5,1,3
10065,5,3,5,2,2
10069,8,2,6,2,1
10075,8,3,5,1,5
10082,8,3,5,2,3
10083,8,2,4,2,4
10087,6,3,3,2,2
10094,8,2,5,2,3
10098,7,3,3,2,1
10102,5,3,5,2,5
10113,8,3,7,2,4
10122,4,3,7,2,3
10125,5,2,5,2,4
10130,7,3,6,2,5
10154,8,3,5,2,4
10160,5,3,5,1,5
10251,8,2,5,2,4
10256,8,3,5,2,2
10258,9,3,6,2,2
10261,8,3,4,2,1
10263,5,3,1,2,4
10270,8,3,4,2,1
10275,5,3,3,2,1
10289,5,3,4,1,5
10309,6,3,7,2,2
10319,8,3,7,2,2
10322,8,3,7,2,3
10324,5,3,7,2,3
10340,8,3,5,2,2
10363,5,3,5,1,2
10367,7,3,3,2,2
10368,6,2,5,1,4
10377,5,2,3,1,1
10382,9,2,5,2,5
10388,5,2,4,2,1
10392,7,3,3,1,1
10398,7,3,6,2,4
10403,3,2,0,2,2
10407,3,3,3,2,1
10415,4,1,4,1,1
10419,7,3,6,1,4
10424,5,2,3,1,3
10430,3,2,7,2,3
10440,5,1,0,1,3
10441,7,2,5,1,5
10450,4,3,4,2,2
10453,5,3,5,1,2
10459,10,2,5,1,1
10465,5,3,3,1,5
10471,7,2,5,2,4
10477,5,1,4,2,3
10481,7,3,5,1,1
10490,5,2,5,2,4
10494,7,2,3,2,3
10507,6,2,2,2,3
10520,8,2,6,1,3
10535,8,2,8,1,1
10544,5,1,5,1,1
10556,5,4,0,1,2
10558,3,2,3,2,3
10559,2,3,2,1,4
10564,3,1,4,2,2
10569,7,2,5,2,2
10574,3,2,2,2,4
10587,8,2,5,2,2
10594,5,3,7,1,3
10597,5,2,5,2,2
10601,5,3,0,2,5
10612,6,3,7,1,3
10617,9,2,5,2,5
10624,7,3,5,1,2
10628,8,3,5,1,3
10641,5,2,3,2,1
10646,5,2,5,2,4
10649,5,2,3,2,3
10655,4,2,4,2,3
10657,5,2,3,2,3
10662,9,2,5,2,3
10667,2,1,2,2,1
10669,5,2,6,1,3
10681,5,3,2,2,1
10682,7,3,7,2,2
10694,5,1,3,2,1
10697,7,1,3,2,4
10699,5,2,2,2,2
10704,7,3,3,2,2
10713,2,2,4,1,4
10715,5,3,4,1,3
10725,2,3,3,2,2
10728,2,2,5,2,3
10735,5,2,3,2,1
10743,5,2,5,1,3
10749,9,3,9,2,2
10754,5,2,4,2,3
10758,5,2,5,1,2
10766,9,4,6,1,3
10770,9,2,5,1,5
10776,5,2,3,2,2
10780,8,2,7,2,2
10786,6,2,5,2,3
10796,5,3,5,2,2
10798,7,3,7,2,2
10804,6,2,4,1,2
10812,7,3,7,1,1
10819,5,3,3,2,2
10825,6,3,7,1,3
10835,5,3,5,1,2
10839,5,3,5,2,2
10841,7,3,7,2,1
10856,5,3,3,2,3
10863,5,2,5,1,2
10867,2,3,6,1,2
10869,5,3,3,1,2
10875,8,3,5,2,2
10880,7,3,8,1,2
10881,5,4,5,1,2
10887,10,1,3,1,2
10894,7,3,5,2,2
10901,8,3,6,2,2
10909,7,3,8,1,2
10916,5,3,5,1,4
10919,8,2,5,2,4
10929,6,2,6,2,2
10935,6,3,4,2,3
10937,6,2,4,1,3
10943,7,2,6,1,4
10957,7,3,3,2,4
10959,7,3,6,2,3
10962,7,3,7,2,3
10973,6,3,6,2,4
10978,7,3,7,1,3
10986,8,2,7,2,4
10993,7,3,6,2,3
11002,7,3,5,2,2
11009,6,3,7,1,4
11017,5,4,8,2,5
11026,6,3,6,2,3
11034,7,3,8,1,4
11040,5,3,6,2,4
11047,6,2,5,2,3
11055,5,2,5,2,4
11059,6,4,5,2,1
11063,5,3,7,1,2
11073,6,3,5,2,4
11076,5,3,7,2,5
11082,5,2,6,1,5
11090,4,3,4,2,3
11097,6,3,4,1,5
11107,7,3,6,1,4
11113,5,3,6,2,3
11114,4,4,8,2,1
11119,2,2,5,2,2
11127,6,3,5,1,2
11137,8,3,5,2,4
11148,6,3,4,1,4
11151,9,3,8,1,2
11152,4,3,2,2,5
11155,4,3,5,1,5
11164,8,3,7,2,5
11171,2,3,6,2,3
11178,8,2,5,2,2
11191,4,3,7,1,4
11194,9,3,5,2,2
11207,7,3,6,1,3
11209,7,3,6,1,3
11219,7,3,6,1,2
11233,7,3,5,2,3
11238,5,3,6,2,2
11245,5,3,5,2,5
11254,6,3,7,2,2
11260,9,3,8,1,3
11264,3,2,5,1,3
11277,8,3,6,2,4
11279,4,2,5,1,1
11292,9,3,7,1,3
11298,9,3,5,2,4
11302,2,2,4,2,4
11308,8,3,9,1,3
11321,5,1,5,2,2
11327,5,3,7,1,3
11340,9,3,7,2,1
11346,6,3,3,1,1
11347,8,2,5,1,1
11359,7,2,3,1,1
11360,5,4,4,1,1
11367,5,2,2,1,2
11377,6,3,2,2,1
11381,5,3,5,2,1
11391,9,2,6,1,1
11398,6,3,5,1,1
11401,5,2,5,1,1
11406,5,2,5,1,2
11411,7,3,7,2,1
11424,5,1,2,1,3
11435,3,3,5,1,2
11445,2,3,3,1,5
11454,5,3,6,1,1
11464,4,2,5,2,1
11474,5,2,2,2,1
11486,5,2,5,2,1
11498,10,3,8,2,3
11502,5,2,5,2,4
11505,4,3,5,2,4
11511,5,3,5,2,4
11515,5,3,5,2,5
11527,3,3,1,2,4
11533,5,3,2,1,5
11540,5,3,4,1,4
11554,8,3,7,2,2
11563,8,3,6,2,4
11567,3,3,4,2,5
11573,7,3,2,2,4
11576,10,2,2,1,1
11583,6,2,5,1,1
11595,5,2,2,2,3
11596,9,3,8,2,2
11601,6,3,3,2,4
11604,3,2,1,2,1
11621,7,2,4,2,3
11624,8,2,4,2,5
11628,5,1,5,1,1
11641,5,2,3,2,2
11648,7,2,3,1,4
11658,10,2,5,1,5
11667,8,2,5,1,1
11679,6,2,4,2,4
11687,1,2,2,1,3
11693,8,3,5,2,3
11698,10,2,7,1,4
11702,2,3,2,2,2
11709,5,3,6,2,2
11712,7,3,5,2,2
11720,5,2,6,1,2
11728,7,2,6,2,4
11737,8,3,6,2,2
11756,5,3,5,2,3
11762,8,2,3,1,1
11763,7,2,5,2,4
11764,7,2,5,1,1
11774,8,3,2,1,2
11779,2,2,3,1,5
11780,5,2,2,1,3
11787,3,2,5,2,3
11790,6,3,3,1,4
11800,5,3,5,2,1
11816,5,3,6,2,2
11817,9,3,8,1,4
11823,5,3,3,1,1
11828,7,2,2,1,4
11835,9,3,5,1,2
11837,5,3,5,1,2
11845,8,2,5,1,2
11856,7,3,4,1,1
11894,5,2,7,2,5
11898,8,3,7,2,5
11911,7,3,5,2,3
11912,3,2,5,2,3
11917,7,3,6,1,4
11918,5,3,3,1,1
11923,6,3,5,2,2
11928,6,2,5,1,2
11929,8,3,7,1,3
11935,5,3,6,1,3
12076,6,2,5,1,1
12084,5,2,5,1,4
12091,5,3,5,1,3
12105,5,2,6,1,2
12106,5,2,4,1,5
12111,7,2,5,2,2
12112,5,3,4,1,4
12125,6,2,5,2,3
12130,5,2,4,1,4
12134,5,2,1,2,2
12139,5,3,3,2,2
12140,7,3,3,2,1
12143,5,2,1,2,2
12145,6,2,4,2,2
12163,5,2,5,2,1
12165,5,3,2,1,4
12167,5,3,3,1,2
12170,5,2,4,2,3
12178,5,4,6,2,1
12183,6,2,4,1,2
12186,8,2,5,2,3
12197,5,2,3,2,4
12198,5,3,5,1,4
12201,6,3,2,1,4
12204,7,3,3,2,4
12210,5,2,0,2,3
12213,9,2,3,1,4
12220,5,3,4,2,4
12252,4,3,3,1,3
12257,3,1,1,2,1
12263,7,3,4,2,3
12272,5,2,3,2,5
12276,5,3,5,2,2
12285,8,2,4,1,5
12289,5,3,5,2,5
12295,6,3,3,2,5
12296,2,2,4,2,3
12297,8,3,5,2,2
12300,6,2,5,2,3
12301,5,3,6,2,4
12303,5,2,6,1,2
12329,5,2,4,1,3
12331,3,1,2,2,5
12342,5,2,5,2,3
12347,0,2,0,1,3
12353,5,2,5,2,1
12354,5,2,5,1,5
12374,5,3,5,1,4
12381,8,2,5,1,1
12389,7,3,5,1,3
12395,6,3,4,1,4
12402,5,3,5,2,5
12409,5,4,5,1,5
12415,8,4,7,2,2
12422,5,1,5,1,5
12427,7,3,5,2,3
12435,5,3,1,2,4
12442,5,3,5,2,4
12447,3,2,0,2,3
12453,3,4,3,2,5
12460,5,2,5,2,3
12466,7,3,5,2,1
12468,4,3,4,1,3
12476,5,3,5,2,5
12479,5,3,5,1,4
12484,5,2,5,2,3
12491,5,3,5,2,4
12494,5,2,5,2,2
12500,4,2,3,2,5
12502,6,3,4,2,4
12506,8,3,4,1,3
12510,5,4,5,2,4
12513,5,2,4,2,4
12529,3,3,5,1,2
12533,8,3,5,2,2
12535,5,3,5,2,4
12543,5,3,5,2,4
12548,5,3,4,2,5
12556,7,4,5,2,3
12560,5,2,5,2,5
12568,7,4,5,2,2
12572,7,3,5,2,4
12579,3,3,3,1,5
12581,3,3,3,1,4
12588,2,3,3,1,5
12590,6,3,4,1,3
12596,5,3,5,1,2
12612,5,3,5,1,3
12627,5,3,5,1,1
12629,5,3,5,2,4
12633,5,3,5,2,5
12638,5,3,5,1,3
12645,5,3,6,2,4
12655,2,4,5,2,2
12660,2,3,5,2,4
12667,5,4,6,2,3
12675,5,2,5,2,3
12680,9,2,7,2,3
12683,8,3,5,2,2
12688,7,2,7,2,1
12694,6,2,4,1,5
12699,6,2,6,2,1
12703,7,3,2,1,3
12712,0,2,1,2,4
12717,7,2,4,2,2
12726,9,2,7,2,2
12731,5,3,4,2,3
12733,8,2,7,2,3
12737,7,2,7,1,4
12738,2,2,3,1,1
12739,9,3,8,2,5
12744,4,3,4,1,4
12749,5,2,5,2,2
12757,5,2,4,1,3
12770,5,3,3,2,3
12779,9,3,5,2,5
12782,5,3,3,1,5
12785,5,3,4,2,5
12793,3,3,7,2,1
12795,6,3,2,2,1
12804,7,2,5,2,3
12820,5,3,8,1,1
12828,7,3,5,2,2
12834,4,1,3,2,1
12839,7,2,4,2,4
12850,8,2,5,2,3
12853,8,3,6,2,4
12855,8,3,6,2,4
12857,9,3,7,2,4
12863,7,3,5,2,2
12878,9,3,7,2,1
12892,5,3,7,1,2
12907,8,2,7,2,4
12912,7,2,5,1,2
12915,4,2,7,1,3
12920,5,3,2,1,3
12921,5,3,3,1,2
12927,7,2,6,2,4
12932,5,2,8,1,3
12937,3,3,7,1,4
12945,8,2,7,1,1
12954,7,3,6,1,3
12965,8,2,7,2,2
12966,5,2,6,2,3
12977,9,2,7,1,2
12979,9,2,8,2,2
12983,8,3,7,2,2
12984,8,3,5,2,4
12991,8,3,6,1,1
12997,8,3,5,2,3
13010,8,2,5,2,1
13025,8,3,7,2,1
13031,8,3,7,2,3
13043,6,2,6,2,4
13046,8,3,7,2,3
13055,6,3,6,2,4
13062,7,3,6,2,4
13065,8,3,5,2,3
13067,5,2,8,1,1
13068,8,3,8,1,2
13069,7,2,5,2,3
13097,9,3,9,1,4
13104,7,2,6,1,4
13110,5,2,7,2,3
13118,2,3,3,1,1
13123,8,2,8,2,1
13126,9,3,7,1,1
13129,5,2,4,2,3
13134,9,2,5,2,4
13141,5,2,9,2,5
13152,6,2,7,1,3
13156,7,3,6,1,5
13164,8,3,8,2,2
13170,7,3,6,1,2
13176,7,2,5,1,4
13188,5,2,6,2,2
13194,6,3,6,2,2
13197,7,3,6,2,3
13212,8,2,5,1,3
13219,1,3,4,2,3
13227,8,3,8,2,3
13232,8,1,7,2,3
13240,8,3,7,2,3
13243,6,3,7,2,3
13250,7,2,7,1,3
13255,7,2,6,1,3
13260,7,2,6,2,3
13268,5,3,5,2,3
13277,9,2,7,1,4
13283,9,1,9,2,3
13292,8,3,8,2,1
13302,8,3,8,2,3
13309,9,2,7,2,4
13318,9,3,5,1,4
13324,9,2,8,2,1
13334,5,3,6,2,2
13338,9,3,9,2,3
13348,7,3,4,1,1
13355,5,3,4,2,2
13363,6,3,6,2,2
13366,8,3,6,2,4
13368,8,2,5,2,2
13372,6,3,7,2,2
13373,5,2,6,2,2
13378,3,2,6,2,3
13385,8,2,5,2,3
13386,7,2,7,2,4
13393,8,1,6,1,5
13395,7,2,6,1,4
13399,3,3,5,1,2
13407,5,2,6,2,3
13408,7,1,7,2,3
13412,3,2,4,1,3
13413,8,2,8,2,3
13418,6,2,7,2,5
13429,2,2,2,2,2
13446,7,3,5,1,3
13459,9,1,6,1,3
13462,5,2,5,1,3
13463,7,3,6,2,5
13469,4,1,5,2,3
13474,6,2,5,2,3
13478,6,3,5,1,2
13480,8,3,5,2,4
13486,7,2,5,2,2
13496,6,2,5,2,1
13505,5,3,6,1,4
13510,5,2,4,2,3
13519,7,3,4,2,2
13520,0,1,3,2,2
13525,5,3,7,2,4
13528,5,2,5,1,4
13532,8,3,5,2,2
13579,5,3,5,1,2
13596,7,2,2,2,3
13604,5,2,3,1,2
13612,7,3,8,2,2
13616,5,2,3,2,4
13627,8,3,7,1,3
13634,7,3,7,1,3
13635,5,2,7,2,4
13638,9,2,6,2,1
13645,3,2,1,2,4
13652,9,3,6,2,2
13657,3,3,5,2,3
13662,5,3,5,1,4
13667,4,4,2,2,1
13672,7,2,6,1,4
13679,4,1,5,2,3
13681,0,1,0,2,3
13689,5,2,6,2,2
13691,8,2,5,1,2
13702,8,3,6,2,3
13705,7,3,0,2,1
13713,7,3,6,2,3
13716,3,3,3,2,1
13723,9,3,6,1,5
13734,6,2,5,2,3
13739,5,3,5,2,4
13745,8,3,8,2,3
13751,5,2,2,1,3
13757,5,3,4,1,4
13835,5,3,2,2,2
13841,7,3,2,1,4
13853,3,1,1,2,2
13859,5,3,0,2,1
13866,1,2,1,2,2
13872,3,3,1,2,5
13881,5,1,2,1,3
13890,0,2,1,1,4
13893,4,4,3,1,4
13904,7,3,4,2,2
13906,4,2,3,1,4
13912,5,3,3,1,4
13918,7,2,2,2,2
13925,6,2,2,2,2
13931,6,3,1,2,3
13938,6,3,2,1,2
13943,5,3,4,2,2
13952,7,3,5,2,1
13956,5,4,3,2,5
13964,5,3,5,1,1
13965,5,3,5,1,3
13970,7,2,5,1,3
13977,5,2,5,2,5
13995,5,2,5,2,5
14001,3,3,7,1,3
14007,3,4,5,1,2
14010,5,2,5,2,4
14017,5,2,5,1,3
14027,5,2,2,2,2
14030,8,2,5,2,3
14034,5,2,1,1,4
14035,8,1,5,2,3
14047,3,1,5,2,5
14051,5,2,5,2,4
14065,6,3,5,1,3
14066,9,2,5,1,5
14073,6,4,7,1,4
14081,9,3,5,1,1
14084,2,3,1,1,5
14088,5,2,4,1,1
14092,3,2,1,2,4
14107,6,3,5,1,3
14121,5,3,5,2,5
14125,6,2,2,2,5
14130,5,2,2,2,3
14137,3,2,5,2,3
14151,2,3,2,2,3
14155,8,2,4,1,3
14165,7,2,3,2,4
14170,6,2,3,2,3
14175,7,2,7,1,4
14180,5,3,5,2,2
14186,4,2,6,2,4
14188,5,3,5,2,4
14189,5,2,5,1,4
14212,8,3,3,1,2
14213,8,2,4,2,2
14227,7,3,5,1,2
14231,6,3,5,2,4
14252,5,3,5,1,3
14259,5,3,5,1,3
14263,5,3,3,1,1
14268,5,3,1,2,4
14275,4,3,5,1,2
14281,0,3,7,1,4
14288,5,2,5,1,3
14294,7,4,7,2,3
14300,8,4,6,2,2
14311,5,3,5,2,2
14317,5,3,5,1,1
14319,7,1,6,1,3
14324,5,3,6,2,3
14330,5,2,5,1,4
14336,5,2,3,2,4
14341,9,2,4,2,4
14346,5,2,5,1,2
14348,5,2,3,2,4
14372,5,3,4,1,2
14378,5,2,6,2,3
14388,3,3,3,1,2
14389,5,3,7,2,1
14395,7,3,4,1,2
14396,5,3,6,2,2
14401,5,2,6,1,3
14408,6,3,5,2,2
14416,7,3,6,2,2
14424,7,2,7,1,2
14432,5,2,6,2,4
14440,6,2,7,1,4
14452,6,3,6,2,2
14455,7,3,5,2,4
14460,7,3,8,1,4
14470,5,3,5,2,2
14474,8,2,3,2,1
14475,8,2,3,1,2
14500,0,2,7,2,2
14502,7,2,6,1,2
14508,7,4,6,2,2
14511,3,2,1,2,3
14519,7,3,4,2,5
14520,5,3,4,2,2
14524,9,2,7,2,4
14527,7,2,8,2,2
14528,4,2,5,1,2
14530,5,2,5,1,4
14532,5,2,3,2,4
14547,3,2,4,1,2
14549,8,2,5,1,1
14555,6,3,7,1,4
14556,7,3,3,1,4
14561,6,3,4,2,2
14567,5,2,5,1,3
14580,8,2,7,1,3
14592,5,2,6,1,3
14595,7,2,5,2,2
14597,5,3,3,1,1
14600,7,3,1,2,2
14610,8,1,5,1,1
14613,10,2,3,1,4
14620,5,3,3,1,1
14621,0,2,0,1,1
14649,7,3,5,2,3
14661,7,2,6,1,2
14662,8,3,6,1,2
14667,5,3,5,2,4
14672,5,3,3,1,4
14676,5,2,5,2,2
14677,3,3,0,2,4
14678,7,2,5,2,3
14679,6,3,6,2,4
14707,5,2,5,1,3
14711,4,2,5,1,3
14715,6,1,5,2,4
14720,4,2,2,2,4
14726,4,2,2,1,2
14729,7,2,4,1,3
14744,4,3,3,1,2
14745,5,2,1,2,2
14751,7,2,6,2,5
14757,7,2,4,1,5
14764,5,2,0,2,1
14770,4,3,5,2,2
14780,6,2,5,2,5
14790,5,3,5,1,2
14796,7,2,5,1,1
14810,2,2,1,2,5
14816,3,2,5,1,2
14825,4,3,2,1,5
14829,4,3,2,2,3
14836,5,3,0,1,4
14846,6,3,6,2,2
14851,6,3,5,2,5
14856,2,1,0,1,3
14861,7,1,6,1,1
14864,6,2,6,1,2
14869,5,3,7,1,5
14875,0,1,1,2,4
14878,3,2,1,1,3
14883,4,3,2,1,2
14887,6,2,4,1,4
14894,8,3,7,1,4
14907,7,3,5,2,1
14908,7,2,5,2,2
14916,5,3,5,1,3
14923,8,3,5,2,4
14928,7,2,9,2,4
14930,5,3,3,2,3
14932,4,3,5,2,2
14936,7,3,7,1,1
14945,6,3,2,2,3
14952,5,3,7,2,4
14966,5,2,5,2,3
14972,7,2,5,1,2
14974,5,3,6,2,5
14985,8,1,6,1,2
14989,6,3,5,1,2
14991,5,3,5,1,5
14994,6,3,5,1,4
14998,5,3,3,1,1
15000,5,3,5,2,2
15017,6,3,5,2,4
15028,0,3,7,2,4
15041,7,1,3,2,1
15047,5,3,4,2,2
15048,7,2,5,2,4
15050,7,3,8,1,4
15051,8,3,5,2,3
15061,6,3,5,1,3
15064,5,3,5,2,3
15077,8,2,7,2,4
15079,6,2,4,2,3
15080,8,2,5,2,3
15081,5,2,5,1,2
15086,2,2,0,1,3
15095,2,3,0,1,3
15107,0,3,4,1,1
15116,6,3,3,2,3
15117,3,3,7,1,3
15119,6,2,3,2,3
15132,4,3,1,2,1
15143,3,2,5,2,5
15145,8,3,7,1,5
15152,5,2,3,2,1
15161,7,2,6,2,2
15170,7,3,5,2,3
15182,7,2,5,2,3
15195,4,2,7,1,3
15196,1,2,0,2,2
15204,3,2,5,1,4
15205,5,2,3,1,1
15212,2,2,2,1,3
15217,3,2,3,1,4
15218,2,2,1,2,4
15220,4,1,5,1,2
15234,5,3,3,2,5
15238,5,4,5,2,3
15247,5,3,4,2,4
15256,4,2,6,1,1
15258,5,2,4,2,2
15260,1,3,1,1,5
15264,5,3,3,1,3
15265,5,3,7,2,5
15266,0,1,0,2,1
15268,3,2,1,1,2
15284,3,2,6,2,2
15286,8,3,7,1,4
15296,8,2,5,2,5
15298,8,2,3,1,5
15299,5,1,6,1,2
15307,5,1,5,2,2
15317,5,3,5,1,2
15324,6,3,6,1,2
15327,7,2,3,2,5
15333,3,3,3,2,4
15337,4,2,4,1,4
15348,9,2,5,2,2
15355,5,3,5,2,3
15358,5,2,5,2,2
15370,5,2,4,2,3
15371,5,2,3,2,2
15376,8,2,8,1,2
15377,7,3,3,1,4
15385,0,1,1,1,2
15388,9,2,7,2,2
15398,5,3,4,1,2
15406,5,2,2,1,3
15417,7,2,8,1,3
15421,7,2,5,2,2
15423,7,2,4,2,4
15427,7,2,5,2,3
15434,7,2,5,2,3
15437,5,3,3,1,4
15439,8,2,5,1,5
15440,8,3,5,2,2
15450,4,2,5,2,3
15457,8,2,5,2,2
15463,8,3,2,1,2
15471,7,3,7,2,4
15474,5,3,4,2,3
15482,2,3,4,2,2
15488,7,3,5,2,3
15494,8,3,5,2,3
15498,6,3,5,2,2
15504,7,3,5,1,3
15505,7,2,5,1,3
15512,8,2,5,2,4
15517,8,2,7,2,3
15523,5,3,5,1,2
15525,7,3,3,2,4
15529,6,3,5,2,5
15534,6,3,4,2,2
15536,7,3,6,1,4
15542,8,3,3,1,1
15563,7,2,5,2,1
15578,8,3,5,2,1
15587,7,2,6,2,1
15602,6,2,6,1,4
15670,5,2,7,2,4
15675,5,3,8,2,3
15688,7,3,5,2,2
15696,5,2,2,2,4
15699,9,2,7,1,1
15700,5,3,3,1,2
15705,5,2,5,2,4
15718,7,1,6,1,1
15720,5,2,3,2,2
15726,8,2,5,2,1
15732,5,3,2,2,2
15734,4,3,5,1,3
15745,4,3,4,2,5
15749,5,3,5,1,2
15762,6,3,5,2,2
15763,7,3,5,2,2
15766,5,3,4,1,5
15773,5,3,3,2,5
15780,5,3,5,1,4
15782,3,3,2,1,5
15783,5,3,1,2,5
15785,5,3,4,2,4
15786,5,3,4,2,2
15790,4,3,3,2,3
15799,5,2,5,2,3
15800,5,3,2,2,4
15811,5,3,3,2,5
15816,5,2,2,1,5
15821,5,2,4,2,2
15842,3,2,2,2,4
15843,4,3,1,2,5
15861,5,2,5,2,2
15867,3,3,3,2,4
15869,5,2,5,1,4
15874,3,2,5,2,1
15879,3,3,2,2,4
15880,1,2,3,2,4
15893,4,2,5,2,4
15895,4,2,2,2,4
15901,5,3,5,1,4
15909,5,3,6,2,4
15910,8,2,7,2,2
15917,5,2,5,1,2
15918,0,2,0,1,3
15919,5,1,5,1,1
15924,3,2,2,1,2
15937,8,3,5,2,2
15964,5,3,5,2,2
15965,4,2,5,2,1
15968,5,1,4,1,2
15969,6,2,4,2,2
15971,4,2,6,1,2
15976,5,1,4,2,1
15983,8,2,5,2,3
15984,5,3,5,1,2
15991,6,3,4,1,2
15998,6,2,5,1,3
16001,5,3,5,2,5
16004,5,2,5,2,4
16016,5,3,5,2,2
16021,6,3,5,2,3
16028,5,2,6,1,3
16041,3,2,4,1,3
16043,7,2,5,2,3
16048,7,3,4,2,2
16053,5,3,2,1,2
16073,5,2,5,2,3
16075,5,2,4,1,3
16081,7,2,5,2,3
16082,6,3,3,1,2
16089,7,2,5,1,2
16100,4,2,2,2,3
16104,5,2,5,1,3
16110,5,2,2,1,5
16118,3,3,3,2,2
16125,5,2,3,2,2
16139,5,3,4,2,2
16146,5,3,4,2,2
16153,7,3,5,2,3
16159,3,2,2,1,1
16164,6,3,2,2,1
16167,7,3,3,1,5
16170,9,2,8,2,1
16175,4,3,5,2,3
16181,7,2,3,1,2
16185,7,2,6,1,3
16190,8,3,7,2,5
16202,7,3,5,2,1
16205,3,2,3,2,4
16212,3,2,5,2,2
16223,10,1,2,2,2
16231,4,3,2,2,5
16239,5,2,2,2,3
16246,0,3,1,2,4
16255,5,3,5,2,2
16263,6,2,2,1,4
16272,9,2,1,2,3
16281,2,2,1,2,1
16289,5,2,4,2,3
16370,5,3,5,1,3
16372,10,2,6,1,1
16376,5,3,5,1,2
16380,4,3,2,2,1
16387,4,3,5,1,5
16391,3,2,5,2,5
16393,6,3,5,1,3
16400,5,3,5,2,1
16402,5,2,6,1,1
16418,7,3,5,2,4
16427,4,3,3,1,4
16428,2,3,3,2,5
16429,4,3,2,2,3
16434,4,3,4,1,4
16435,4,3,5,1,4
16437,3,3,4,1,3
16443,5,3,3,1,4
16445,1,3,1,1,4
16447,6,2,2,1,3
16457,5,3,4,1,4
16502,5,3,3,2,3
16531,5,2,5,2,3
16542,7,3,5,2,3
16547,5,2,2,1,5
16552,5,3,5,1,3
16558,5,1,2,1,3
16563,5,2,4,2,3
16571,7,3,1,2,3
16574,5,3,5,1,4
16579,6,1,4,1,2
16580,4,1,4,2,3
16588,5,3,5,2,3
16589,7,2,0,2,1
16596,9,1,3,2,3
16607,5,2,5,1,5
16614,5,2,4,1,3
16616,5,2,5,2,4
16619,5,3,0,1,1
16634,8,2,8,2,2
16638,5,3,5,1,3
16762,10,1,5,2,4
16763,5,2,3,1,3
16768,4,3,3,2,3
16772,9,3,2,2,5
16781,4,2,2,1,4
16785,6,1,3,1,4
16786,5,2,5,2,3
16791,6,2,4,2,2
16803,1,2,1,1,3
16805,3,2,3,1,2
16811,5,1,3,1,2
16819,5,3,0,1,3
16821,2,3,7,1,2
16824,5,2,5,1,4
16826,6,3,5,2,2
16832,5,2,5,2,5
16841,10,2,2,2,2
16843,4,3,3,1,3
16848,9,2,7,1,2
16854,8,3,5,2,3
16866,6,3,6,2,3
16876,7,3,8,1,1
16880,7,3,7,1,2
16881,3,2,2,1,2
16887,10,3,5,1,1
16893,6,3,7,1,4
16904,5,2,6,1,2
16910,6,2,6,1,4
16913,4,2,6,1,2
16922,4,2,1,1,2
16924,8,4,5,1,3
16935,3,2,4,2,2
16939,3,3,4,1,2
16940,6,3,3,1,2
16943,5,3,1,1,2
16952,4,2,5,2,3
16956,2,2,5,1,4
16958,5,1,0,1,1
16964,3,3,3,1,2
16969,3,3,4,2,2
16978,5,3,4,2,2
16996,7,3,7,1,2
17002,3,2,7,2,2
17021,8,3,6,1,2
17024,9,3,7,1,2
17028,5,3,5,1,3
17029,7,3,5,2,3
17047,3,2,3,1,2
17049,7,2,6,2,2
17053,5,3,5,1,2
17060,7,3,4,1,3
17067,5,2,5,1,2
17068,7,2,4,1,2
17072,8,3,5,2,5
17074,5,2,5,1,3
17101,5,3,3,2,5
17106,4,3,7,1,2
17113,5,3,3,2,4
17114,7,3,5,2,5
17116,5,2,5,2,2
17128,2,1,3,1,4
17133,5,3,5,1,4
17138,7,3,6,1,3
17142,10,3,1,2,2
17143,7,2,3,1,5
17150,7,2,5,2,2
17151,4,2,3,1,2
17153,5,3,7,1,5
17157,8,3,8,1,4
17167,5,2,4,2,5
17178,5,2,5,2,2
17183,7,2,4,2,2
17186,5,1,3,2,2
17187,5,2,6,2,2
17190,8,2,5,1,2
17196,2,2,6,2,3
17200,8,3,7,1,3
17207,7,3,5,2,1
17217,1,2,1,2,2
17223,4,1,8,2,2
17236,9,2,8,1,4
17237,7,2,5,1,5
17262,9,3,5,2,5
17263,5,1,3,2,3
17265,4,2,4,1,2
17271,5,3,5,1,2
17281,6,1,5,1,2
17284,4,2,5,2,2
17288,5,1,5,2,2
17293,3,2,1,2,5
17305,4,3,5,1,5
17308,3,3,2,2,4
17312,3,3,2,2,4
17313,5,3,3,1,1
17317,3,3,1,2,4
17328,3,3,2,2,5
17335,3,3,2,2,4
17340,5,3,3,1,4
17348,7,1,3,2,3
17370,5,2,5,2,3
17384,10,3,3,1,5
17393,0,1,0,1,5
17395,7,3,6,2,5
17396,5,2,5,1,4
17406,5,3,5,1,4
17420,5,2,1,1,4
17424,7,2,4,1,2
17437,5,1,3,2,1
17440,5,3,3,2,1
17452,4,3,2,2,4
17454,2,1,2,1,3
17458,3,2,1,2,3
17465,5,3,4,2,5
17468,7,3,5,1,4
17484,8,4,4,1,1
17491,7,3,6,2,3
17495,8,2,7,2,5
17499,5,3,5,2,3
17507,8,2,5,1,4
17517,5,2,3,1,3
17519,6,3,6,2,2
17523,1,4,1,2,4
17534,8,3,5,1,4
17539,6,2,6,2,3
17545,7,2,1,1,5
17553,7,3,5,2,5
17558,7,2,4,2,2
17566,8,4,4,1,5
17572,5,2,5,2,2
17576,5,3,5,2,4
17585,5,1,6,1,4
17600,5,2,6,2,2
17604,10,1,2,2,4
17612,7,3,1,2,5
17615,5,2,4,1,5
17620,8,3,4,1,4
17622,7,3,2,2,5
17631,9,3,5,1,5
17636,5,4,6,1,4
17638,5,2,5,2,4
17639,5,2,5,2,5
17640,6,3,3,1,5
17660,7,3,7,2,3
17672,2,2,3,1,4
17674,3,3,7,2,5
17683,5,3,7,2,5
17685,5,3,8,2,4
17703,7,2,4,2,4
17710,10,3,9,1,3
17714,8,2,5,2,2
17721,9,3,8,1,4
17731,8,2,7,1,4
17739,6,2,3,2,4
17748,7,2,5,1,3
17750,5,3,5,2,3
17754,8,2,4,2,3
17756,7,2,7,1,5
17758,9,3,8,1,3
17759,8,4,3,1,1
17764,9,2,4,1,1
17766,4,2,6,1,4
17767,5,3,3,2,3
17768,3,2,2,1,1
17773,8,3,6,2,3
17782,4,3,2,1,2
17783,5,4,4,1,1
17792,5,3,5,2,1
17795,4,3,2,2,4
17810,5,1,6,1,4
17825,6,2,6,2,5
17831,5,3,5,2,5
17837,5,1,5,1,4
17839,5,2,4,1,5
17843,6,1,5,1,4
17845,5,2,6,2,5
17847,5,2,5,2,5
17848,5,3,5,2,2
17852,6,2,5,1,5
17865,5,2,5,1,5
17876,5,2,5,1,4
17879,5,2,5,1,5
17881,5,3,5,1,4
17886,5,2,5,1,4
17898,5,2,5,1,5
17905,5,3,5,1,5
17906,5,2,4,2,4
17927,5,2,5,2,4
17938,0,2,3,2,2
17950,5,2,5,2,5
17952,5,3,4,2,5
17957,3,2,1,1,4
17970,6,2,4,1,4
17984,8,4,6,1,4
17991,6,2,5,1,5
18014,3,2,4,1,4
18016,7,3,5,2,4
18026,5,2,2,2,3
18028,9,3,6,2,2
18030,7,2,5,2,3
18038,4,3,5,1,3
18045,5,2,4,2,2
18059,3,1,2,1,5
18066,5,3,5,2,2
18071,6,1,5,2,3
18088,2,3,2,1,3
18099,5,2,5,2,5
18112,7,3,7,1,1
18117,4,1,2,1,4
18130,1,3,2,2,2
18136,6,2,6,1,5
18145,7,2,6,2,5
18149,6,2,7,2,5
18169,6,3,6,2,5
18175,5,2,5,1,3
18179,6,2,6,2,5
18180,3,2,3,2,2
18192,5,2,4,1,5
18193,7,2,1,1,2
18211,2,2,1,1,3
18216,2,3,1,2,5
18238,7,2,2,1,5
18241,9,2,4,1,5
18251,3,2,1,1,4
18258,8,3,1,2,5
18261,5,3,1,1,4
18266,4,3,5,2,4
18270,3,3,5,2,5
18273,4,3,3,2,5
18275,7,3,6,2,5
18284,9,2,5,1,5
18299,6,3,2,2,5
18303,7,3,7,1,5
18309,5,2,5,1,1
18311,8,3,4,2,2
18325,7,3,4,2,4
18334,5,3,7,2,4
18335,6,3,3,2,3
18337,7,3,4,2,4
18340,8,3,4,1,3
18341,5,2,5,2,4
18347,7,3,4,2,4
18348,8,3,5,2,3
18363,6,2,4,2,3
18370,8,2,5,2,2
18374,5,3,5,2,4
18380,9,2,9,2,2
18385,5,2,2,1,3
18388,5,3,4,1,3
18394,4,3,1,2,5
18400,5,2,5,2,3
18404,6,2,4,1,2
18409,5,3,5,2,3
18414,5,2,5,2,2
18415,3,2,3,1,2
18427,2,2,2,2,3
18431,0,3,3,2,4
18432,1,2,0,2,2
18433,8,3,5,2,2
18436,4,3,3,2,1
18437,2,3,1,1,5
18441,7,3,5,2,4
18450,8,3,5,1,3
18487,9,3,5,1,4
18488,8,3,5,2,4
18490,5,3,5,2,3
18491,8,3,5,2,4
18501,8,3,5,2,2
18505,8,2,5,1,2
18516,8,3,3,2,4
18522,8,2,5,2,4
18529,6,3,5,2,3
18542,5,3,3,2,2
18563,5,2,1,2,4
18564,7,2,3,1,5
18565,4,2,4,2,4
18571,4,3,1,1,4
18587,7,3,0,1,3
18589,1,2,1,1,4
18591,5,3,3,2,3
18594,4,3,4,2,4
18615,6,3,5,2,2
18619,2,3,2,2,5
18623,5,2,2,2,4
18628,1,2,1,2,2
18634,7,3,2,2,5
18640,5,2,1,2,4
18643,8,3,4,1,5
18648,3,2,1,1,5
18662,8,1,5,2,3
18663,3,3,3,1,4
18668,10,2,9,2,2
18669,9,2,9,2,3
18671,8,2,8,2,2
18694,7,2,9,2,2
18695,10,3,9,2,4
18699,10,2,9,1,2
18702,10,2,9,1,2
18703,5,3,5,2,3
18711,8,2,10,1,3
18720,6,3,8,2,3
18723,2,2,5,1,2
18724,7,2,5,2,3
18730,7,2,5,2,3
18731,2,3,5,2,4
18741,5,3,5,2,5
18742,1,2,2,2,5
18746,5,2,1,1,5
18753,8,1,4,2,2
18755,1,2,0,1,4
18758,5,2,5,2,4
18783,8,3,7,1,5
18785,10,3,8,1,5
18793,3,3,5,2,5
18798,2,2,0,1,2
18801,10,3,5,2,4
18807,8,3,9,1,5
18814,5,3,0,2,5
18817,5,3,5,1,5
18824,7,2,5,2,4
18828,5,2,8,2,4
18835,10,2,5,1,3
18840,9,2,5,2,5
18842,4,3,10,2,5
18845,5,4,5,2,3
18847,2,2,4,1,4
18849,5,2,5,1,1
18855,10,3,5,2,4
18882,6,2,3,1,4
18884,9,3,5,1,3
18893,5,3,1,1,4
18897,5,3,4,1,5
18932,5,2,3,2,2
18936,10,4,8,2,2
18940,7,2,5,2,2
18947,10,3,3,2,2
18954,8,3,5,2,1
18955,6,2,5,2,2
18962,5,2,5,2,2
18964,7,3,6,2,3
18975,9,2,5,2,2
18979,10,2,5,2,2
18982,5,3,3,2,4
18987,3,2,0,2,2
18988,7,2,5,2,3
18997,8,2,6,1,5
19003,5,2,5,2,1
19006,5,3,5,1,3
19014,5,2,0,2,5
19032,5,3,3,1,3
19041,6,3,9,2,2
19044,6,3,5,2,3
19045,8,3,8,2,2
19046,9,2,3,2,4
19048,6,2,3,2,2
19055,6,2,4,2,2
19066,8,2,6,2,4
19067,8,2,4,2,4
19075,8,3,5,1,3
19092,10,2,3,2,2
19096,5,2,5,2,3
19097,2,2,4,2,2
19099,2,3,5,2,1
19108,6,3,6,2,2
19110,8,3,5,2,1
19116,5,4,2,2,3
19130,10,1,5,1,1
19137,5,4,3,2,4
19139,6,3,0,1,1
19140,2,3,2,1,2
19157,9,3,5,1,5
19161,3,2,2,2,1
19162,5,3,1,2,4
19163,6,2,3,2,3
19164,8,3,2,1,1
19166,10,2,2,1,1
19169,8,3,5,1,1
19178,4,3,3,1,4
19179,8,3,3,2,5
19188,2,2,5,2,4
19190,5,4,5,2,2
19191,7,4,5,2,1
19192,8,4,4,2,3
19198,0,3,5,1,5
19200,10,4,5,2,3
19216,8,3,1,2,4
19225,5,3,3,2,4
19240,5,3,5,1,4
19241,7,3,2,2,3
19242,5,4,1,2,4
19251,10,3,7,2,3
19252,9,3,8,2,3
19257,5,3,8,1,4
19272,8,3,5,2,4
19276,3,3,5,2,3
19280,5,2,4,2,2
19282,10,3,7,2,3
19289,5,2,7,2,3
19305,9,2,5,2,3
19306,10,3,7,1,3
19311,5,3,7,2,4
19312,5,2,3,1,3
19316,4,3,1,2,5
19319,1,2,1,1,4
19321,2,3,0,2,5
19322,6,4,2,1,5
19326,7,3,7,2,4
19346,6,2,5,2,3
19347,7,2,1,1,2
19351,8,1,5,2,2
19354,5,3,4,2,4
19356,5,3,5,2,5
19360,10,3,6,2,1
19364,7,3,5,1,1
19368,8,3,8,1,1
19369,8,3,5,2,5
19376,5,3,5,1,1
19380,10,2,1,2,1
19384,0,2,0,1,1
19393,5,2,4,2,5
19421,8,3,5,2,3
19423,8,2,7,1,3
19424,5,2,2,2,2
19425,5,2,4,2,4
19428,8,3,2,1,1
19432,4,3,2,2,3
19434,7,2,3,2,4
19437,8,2,2,1,1
19438,8,2,6,1,5
19461,5,3,5,2,2
19470,10,3,5,2,3
19474,10,4,5,2,1
19480,10,2,8,1,4
19488,7,2,5,2,2
19489,5,2,5,2,3
19499,6,2,4,2,2
19501,5,2,5,2,2
19504,10,3,5,2,2
19505,3,2,5,2,3
19524,7,2,4,1,4
19538,2,2,6,2,2
19544,5,3,2,1,5
19552,3,4,1,1,5
19558,4,3,2,1,4
19566,0,1,0,1,3
19575,4,4,3,1,5
19581,7,2,4,2,3
19588,4,4,5,1,4
19589,9,2,8,2,2
19594,3,2,5,2,2
19605,10,2,7,2,2
19614,7,3,4,1,3
19619,6,2,5,2,3
19624,7,3,5,2,2
19628,9,1,2,1,5
19634,7,4,5,1,4
19643,4,3,4,2,4
19651,5,3,3,1,4
19657,5,2,3,1,2
19663,7,2,3,2,3
19671,5,2,5,1,2
19677,4,2,3,2,1
19684,8,3,5,1,4
19692,0,1,0,1,1
19698,5,2,2,1,2
19704,5,2,2,1,1
19717,10,2,5,2,4
19719,2,2,2,1,4
19739,4,2,0,2,1
19741,7,2,5,2,3
19743,4,2,5,1,3
19745,7,1,2,2,4
19749,6,2,2,2,3
19750,3,2,4,2,2
19759,5,2,4,2,1
19772,8,4,7,1,2
19773,7,2,7,2,1
19777,5,2,1,2,1
19784,5,3,5,1,2
19789,4,2,2,1,4
19794,5,1,0,1,3
19797,6,1,5,1,2
19803,6,1,5,1,2
19807,4,3,5,1,5
19814,6,2,4,2,4
19820,9,3,9,2,5
19826,3,4,8,2,4
19830,3,2,2,1,3
19838,5,3,5,2,4
19842,2,3,2,1,5
19847,5,3,3,1,4
19854,5,3,4,1,3
19856,5,2,3,1,3
19864,5,2,5,2,3
19868,5,3,2,1,4
19876,5,3,8,2,5
19882,9,2,6,2,3
19883,7,3,4,1,5
19893,10,2,9,1,5
19897,7,3,9,1,5
19902,5,2,5,2,3
19910,8,3,8,2,5
19916,5,3,5,2,4
19919,5,2,3,2,3
19925,6,2,4,2,3
19928,5,3,5,1,4
19932,6,3,8,1,5
19938,7,4,9,2,5
19945,5,3,5,1,4
19947,6,3,5,1,4
19958,9,3,7,2,4
19961,5,3,5,1,3
19963,4,3,2,1,4
19967,9,3,6,1,4
19979,4,2,5,1,4
19985,7,3,5,2,1
19988,5,2,4,1,4
19998,6,3,4,2,4
20004,5,2,4,2,3
20011,3,3,5,1,1
20015,6,2,5,2,4
20029,6,2,5,2,2
20031,5,2,5,2,4
20039,10,2,5,2,2
20045,3,2,4,1,2
20048,5,2,4,2,2
20053,8,3,4,2,4
20063,5,2,6,1,2
20065,5,2,5,2,3
20075,5,3,4,2,3
20078,5,2,5,1,3
20081,8,2,3,2,1
20092,5,3,3,1,3
20094,6,3,5,2,5
20098,6,3,5,2,5
20113,6,3,5,2,2
20117,9,3,5,1,5
20119,6,3,5,1,4
20120,9,3,4,2,2
20121,8,2,6,2,3
20122,5,3,5,1,3
20129,1,3,6,1,2
20162,5,3,4,1,5
20163,7,3,5,2,2
20166,8,2,2,2,3
20167,5,2,5,1,4
20168,6,3,5,2,5
20175,5,3,4,1,5
20196,9,3,4,1,5
20198,5,3,4,1,4
20205,6,3,4,2,5
20223,5,2,5,1,2
20224,10,2,5,2,2
20228,5,3,1,2,4
20232,4,1,3,2,2
20233,8,3,3,1,3
20258,4,3,1,2,5
20270,7,2,6,2,2
20273,5,3,5,1,5
20469,5,1,0,2,1
20474,5,2,3,2,1
20479,7,2,4,1,5
20484,4,3,3,1,4
20495,6,3,5,1,3
20498,4,2,3,1,4
20503,4,1,4,2,2
20510,5,2,4,1,3
20514,8,2,7,2,4
20519,2,2,3,2,3
20521,5,2,5,1,4
20538,5,3,5,1,2
20543,9,2,4,2,5
20550,4,3,3,2,2
20557,5,2,4,2,5
20565,2,3,2,1,2
20571,5,3,5,1,2
20577,4,3,7,2,3
20587,2,2,1,2,4
20594,9,2,3,2,1
20600,5,2,1,2,1
20610,3,2,5,1,4
20618,8,1,5,1,4
20625,5,3,5,2,2
20633,5,3,4,2,4
20641,2,2,2,1,2
20648,8,1,5,1,3
20656,1,3,5,1,1
20711,7,3,6,2,1
20715,7,1,8,1,1
20719,6,1,2,1,1
20723,8,2,3,2,1
20726,7,3,2,2,1
20730,5,3,3,2,1
20736,9,2,3,1,1
20742,7,2,5,1,1
20745,10,3,2,1,2
20748,3,3,0,2,1
20750,5,2,4,1,5
20754,1,2,5,2,2
20765,4,3,2,2,2
20766,9,2,7,2,2
20775,7,3,5,2,3
20778,8,2,5,2,2
20786,5,2,6,2,2
20791,6,3,7,1,3
20801,5,3,5,2,3
20804,7,2,7,2,2
20813,7,1,5,1,2
20822,8,3,5,2,1
20825,3,3,2,1,2
20828,9,3,4,2,2
20837,4,2,3,2,2
20839,7,2,3,1,2
20843,0,1,0,2,1
20847,4,3,3,1,2
20856,4,2,1,2,1
20857,5,3,2,2,5
20873,5,2,6,2,2
20883,5,3,3,1,4
20889,6,2,5,1,3
20892,4,2,3,2,3
20898,7,2,6,1,2
20906,7,3,5,2,4
20911,5,3,5,2,3
20913,4,2,6,1,3
20928,8,2,6,1,3
20935,6,3,5,2,2
20946,7,2,4,1,2
20961,8,3,3,1,2
20962,8,3,5,2,3
20967,4,2,3,1,2
20976,8,3,4,1,3
20980,5,3,6,2,3
20986,7,2,7,2,2
20991,8,2,4,2,2
20998,6,3,4,1,2
21007,5,2,0,1,2
21012,3,2,5,2,1
21017,9,1,8,2,4
21029,7,1,5,2,2
21037,3,1,0,2,4
21042,5,3,5,2,1
21050,8,2,5,2,3
21055,1,1,0,1,4
21060,5,3,5,2,2
21069,4,2,7,2,2
21078,2,2,6,2,4
21085,8,3,7,1,3
21087,8,3,4,2,4
21091,3,3,6,1,4
21098,7,3,4,2,4
21102,7,2,5,2,4
21106,8,3,4,2,5
21108,7,2,6,2,4
21112,8,3,5,1,4
21114,7,4,7,1,2
21118,7,3,7,1,3
21121,8,3,6,1,2
21123,10,3,8,1,2
21129,9,3,8,2,3
21137,9,3,8,1,4
21141,5,3,5,1,4
21144,8,3,6,2,3
21150,9,4,8,1,5
21157,4,2,8,2,3
21159,8,3,4,2,2
21167,4,3,5,2,4
21176,7,2,4,2,4
21186,7,3,4,1,2
21195,5,3,7,1,4
21196,7,3,5,2,4
21198,4,3,4,1,5
21202,8,2,4,2,3
21208,7,2,5,2,3
21211,5,3,5,2,2
21214,7,2,5,1,3
21219,8,3,6,1,5
21230,9,3,5,1,3
21233,8,3,3,1,5
21245,8,3,5,2,4
21246,5,3,5,1,2
21249,5,3,2,2,4
21254,8,3,7,1,5
21280,6,3,6,1,5
21282,6,3,4,1,1
21286,5,2,5,2,4
21295,7,3,8,1,4
21296,7,3,5,2,5
21305,7,3,8,1,4
21309,8,3,5,1,2
21312,8,3,6,2,5
21316,7,3,8,2,5
21320,7,2,4,2,3
21322,9,2,7,2,2
21330,3,2,6,1,3
21332,8,2,3,1,3
21339,5,3,5,2,3
21351,6,3,6,2,2
21358,9,2,5,1,2
21360,9,3,8,2,2
21374,8,3,5,2,3
21380,5,3,3,1,1
21384,7,3,5,1,1
21390,8,3,4,1,5
21396,7,3,7,2,4
21400,6,3,4,2,4
21405,4,2,3,1,5
21410,5,3,8,2,5
21416,4,3,4,1,4
21421,5,1,3,1,2
21426,6,3,3,1,5
21433,6,3,5,1,2
21441,6,3,4,2,4
21451,5,3,4,1,5
21454,3,3,4,2,1
21461,7,3,6,2,1
21467,3,3,3,2,5
21473,6,3,4,2,2
21482,6,2,4,1,4
21491,5,3,4,2,4
21493,5,2,4,2,3
21495,3,3,4,2,2
21504,5,3,4,2,3
21512,8,3,5,2,2
21517,6,3,3,1,4
21526,6,3,4,2,2
21535,5,3,3,1,4
21541,7,3,5,2,2
21549,5,3,3,2,3
21556,5,3,5,2,3
21564,6,3,3,1,3
21575,5,2,2,2,4
21583,5,3,2,2,3
21587,2,3,2,1,2
21588,6,4,5,1,4
21598,2,2,2,1,3
21606,5,2,2,1,2
21611,5,3,1,2,4
21612,5,2,2,1,5
21613,8,3,5,1,5
21614,3,2,1,2,2
21620,5,2,5,2,4
21623,5,3,4,2,4
21627,5,3,3,2,3
21628,7,2,7,2,3
21630,5,2,5,2,3
21631,5,3,0,2,5
21632,5,3,5,1,4
21647,8,2,8,2,4
21685,7,3,3,2,1
21689,5,3,5,1,5
21691,5,2,5,1,5
21698,3,2,1,1,5
21700,3,2,0,1,4
21704,5,3,3,2,4
21713,7,3,5,1,5
21718,4,3,4,1,4
21719,5,3,5,1,4
21726,5,2,5,2,5
21727,10,2,5,2,5
21729,8,3,5,1,5
21744,5,2,5,1,5
21748,5,2,4,1,5
21754,5,2,4,1,3
21776,7,3,3,2,5
21783,5,2,3,1,5
21788,7,2,3,2,5
21789,5,3,6,2,5
21793,7,3,5,2,4
21797,5,2,3,2,5
21805,5,3,4,2,4
21810,9,3,6,1,5
21811,8,3,6,2,4
21827,8,3,5,2,5
21831,6,3,6,1,4
21839,5,3,6,1,5
21845,6,3,5,1,5
21850,6,3,5,2,5
21852,3,3,2,1,5
21853,8,4,6,1,5
21858,7,2,6,2,2
21862,5,2,5,2,3
21863,6,2,5,2,2
21870,5,2,5,1,4
21873,7,2,6,1,4
21878,6,3,8,2,3
21883,6,3,8,1,4
21888,7,3,7,1,4
21893,5,3,7,2,2
21898,5,2,2,1,5
21911,5,2,6,2,4
21915,5,4,5,2,5
21927,6,2,7,2,5
21928,5,2,5,2,5
21940,7,3,6,2,3
21943,5,3,5,2,5
21948,4,3,5,2,5
21999,5,2,5,1,5
22004,5,3,5,1,5
22008,10,3,5,1,4
22016,6,2,5,1,5
22017,7,3,7,2,5
22022,7,2,6,1,4
22027,6,3,6,2,5
22033,7,3,5,2,3
22040,7,3,6,2,3
22050,7,3,7,1,5
22058,4,3,6,2,4
22072,6,3,3,1,5
22073,6,3,5,2,5
22075,6,2,4,2,5
22078,5,3,4,2,5
22081,6,4,5,2,4
22088,6,3,5,1,3
22090,6,3,5,2,5
22113,5,2,7,2,3
22123,7,3,3,2,2
22127,5,3,5,2,4
22128,7,2,3,2,4
22137,5,2,6,1,3
22138,5,3,6,2,1
22150,7,3,4,2,5
22151,3,2,5,2,4
22168,5,3,4,2,4
22179,7,3,8,2,4
22195,7,3,5,2,4
22207,7,3,8,1,5
22214,8,3,5,2,1
22228,7,3,8,1,4
22235,8,3,7,2,4
22242,8,2,7,2,3
22250,5,1,5,2,1
22253,5,3,5,1,2
22257,8,3,5,2,2
22259,3,2,1,1,4
22266,7,3,5,2,4
22274,3,1,3,1,2
22279,3,3,3,1,4
22285,8,3,7,2,4
22287,5,3,3,2,5
22298,5,2,5,1,2
22300,4,3,5,1,3
22312,5,1,5,1,3
22315,8,3,6,2,2
22320,3,2,5,2,3
22328,7,2,4,1,1
22331,5,2,5,1,5
22333,2,3,2,2,4
22345,8,3,5,1,5
22356,10,3,10,2,3
22374,3,2,5,2,4
22375,10,2,0,2,5
22394,5,2,5,2,4
22404,5,2,4,1,3
22405,5,3,5,2,4
22411,0,2,1,2,2
22422,5,2,2,2,4
22424,4,2,3,2,4
22431,6,3,6,1,4
22433,5,3,5,1,3
22434,4,4,5,1,5
22447,5,2,4,1,3
22457,5,3,7,2,3
22458,3,2,4,2,1
22469,5,1,3,1,3
22483,7,3,5,2,2
22490,5,3,4,1,3
22499,10,1,5,2,2
22505,5,3,5,1,4
22507,7,2,5,2,2
22510,5,3,2,1,2
22525,8,3,5,1,2
22526,5,2,4,1,1
22530,5,2,3,2,4
22532,5,3,3,1,4
22544,5,2,2,1,2
22555,5,2,3,2,2
22562,5,3,5,1,4
22564,5,3,5,1,3
22569,3,3,3,2,5
22572,2,3,4,1,5
22576,4,3,3,2,4
22583,3,3,3,2,4
22587,3,3,3,1,5
22594,5,3,5,1,4
22611,3,2,2,1,5
22617,3,3,3,2,4
22624,3,3,3,2,5
22628,6,1,2,2,2
22632,5,2,5,2,3
22637,5,3,5,2,2
22643,5,3,5,2,2
22658,5,3,5,2,4
22659,9,3,5,2,2
22668,5,2,2,2,2
22675,5,3,5,1,2
22698,9,3,5,2,3
22701,5,3,5,2,4
22712,5,2,4,1,3
22721,5,2,5,2,3
22728,5,3,6,2,3
22730,5,3,4,2,5
22738,5,3,5,1,2
22741,5,2,5,2,5
22768,3,3,2,2,5
22777,5,2,5,2,2
22783,10,2,5,1,3
22791,5,4,5,2,4
22818,7,3,5,2,2
22819,5,3,5,2,4
22823,6,3,5,1,4
22830,8,4,5,2,2
22831,8,3,5,2,4
22842,10,3,5,2,2
22844,5,3,6,2,2
22846,6,3,6,2,2
22847,3,3,4,1,2
22858,0,3,5,2,2
22862,8,3,5,1,5
22866,7,3,5,1,2
22871,9,2,5,2,4
22885,5,2,5,2,2
22886,5,3,6,2,3
22888,5,3,5,2,2
22894,2,3,0,1,1
22899,5,2,3,2,4
22908,3,4,3,1,4
22915,3,2,2,2,3
22917,5,2,5,2,4
22922,9,3,4,2,5
22926,5,3,5,1,1
22931,5,2,5,1,1
22939,1,3,2,1,5
22944,3,3,3,1,5
22949,5,2,3,2,4
22962,8,3,3,2,4
22974,5,3,4,1,4
22976,6,3,4,1,1
22984,5,3,6,2,5
22986,3,3,2,2,4
22992,4,3,1,1,5
22997,2,3,2,1,4
23005,10,3,7,2,1
23008,5,3,3,1,4
23013,6,3,5,2,3
23019,2,3,3,1,4
23027,10,3,8,2,4
23029,5,3,4,2,5
23035,8,3,8,2,2
23039,5,3,5,1,3
23046,5,3,3,1,2
23050,6,3,5,1,4
23057,8,3,5,2,3
23064,5,3,4,2,3
23068,5,3,5,2,5
23072,5,3,4,1,3
23080,5,3,4,2,3
23083,3,3,4,1,2
23090,8,3,4,1,1
23094,5,3,3,2,5
23099,1,2,5,1,4
23105,5,3,4,1,5
23111,3,3,2,1,4
23113,3,3,3,2,4
23117,3,3,2,2,5
23129,4,3,3,1,2
23137,4,3,4,2,5
23141,3,2,2,2,5
23147,3,3,4,1,5
23166,5,3,1,1,4
23168,3,2,5,2,4
23169,4,3,5,1,5
23174,10,2,6,1,4
23204,5,2,3,1,3
23208,7,2,6,2,2
23210,5,3,5,2,5
23212,2,3,4,2,5
23216,5,3,5,1,5
23247,3,2,3,1,5
23248,5,3,2,1,5
23249,3,2,2,1,5
23256,3,2,3,2,2
23271,5,3,3,2,4
23273,3,3,3,1,5
23282,3,3,1,2,5
23300,3,2,5,1,4
23305,9,3,8,2,5
23312,5,2,5,2,5
23319,4,3,2,2,4
23324,5,3,6,1,5
23336,7,3,7,2,5
23344,7,3,6,2,4
23353,5,3,2,2,5
23358,8,3,5,1,4
23364,3,2,5,2,4
23374,5,3,5,2,4
23383,4,2,6,2,2
23392,6,2,5,1,3
23395,8,3,10,1,4
23409,9,2,5,2,3
23417,8,3,5,2,4
23421,7,3,4,1,4
23423,3,2,2,1,5
23424,4,2,2,2,5
23432,5,2,2,2,5
23437,5,2,3,1,4
23441,5,1,5,1,1
23450,5,2,5,1,4
23453,3,2,2,2,3
23457,9,3,5,2,5
23458,5,4,5,1,1
23464,3,3,2,1,2
23470,6,3,4,1,3
23477,5,3,5,1,4
23481,7,3,5,1,5
23492,3,2,5,2,2
23497,6,2,4,1,1
23500,3,2,1,2,2
23508,5,2,2,1,2
23523,8,3,5,2,5
23525,5,3,5,1,5
23536,5,3,4,1,2
23538,4,3,2,1,5
23548,8,3,6,1,5
23549,5,3,3,1,5
23558,10,3,5,2,3
23563,5,3,5,2,4
23571,5,3,5,2,3
23579,5,3,3,2,2
23586,7,3,3,2,3
23596,10,3,5,2,1
23607,5,3,5,1,4
23609,2,3,5,1,4
23614,7,3,7,2,4
23616,8,3,5,1,4
23624,5,3,3,2,5
23635,3,3,2,1,5
23643,5,3,3,1,5
23645,5,2,7,1,5
23658,5,3,5,2,5
23661,5,3,2,2,5
23670,5,3,2,2,4
23674,5,2,5,2,4
23675,7,2,5,2,2
23685,5,3,5,1,3
23690,2,2,2,1,4
23694,1,3,2,1,4
23698,6,3,6,1,5
23705,5,2,5,1,3
23707,4,2,1,1,5
23710,5,2,5,2,4
23717,8,3,5,1,4
23721,4,2,2,2,4
23725,5,3,5,1,3
23729,5,3,2,2,4
23733,5,1,5,1,3
23741,2,2,10,2,4
23748,5,2,5,2,3
23754,7,2,6,2,5
23762,2,3,3,1,5
23769,0,3,3,1,1
23780,5,2,5,2,4
23784,1,1,4,1,3
23791,5,3,5,2,3
23802,7,3,5,1,4
23806,5,1,5,1,3
23813,5,3,4,1,3
23814,5,4,5,1,2
23815,8,2,5,2,3
23821,3,3,4,2,4
23829,10,1,5,1,2
23842,7,2,4,2,2
23846,5,2,2,1,3
23851,8,2,4,2,2
23854,8,2,5,2,3
23855,5,2,3,2,5
23864,8,3,3,2,3
23877,5,2,4,2,3
23881,8,3,5,1,2
23886,7,2,5,2,2
23887,5,2,3,1,2
23893,4,1,3,2,1
23914,4,2,2,1,3
23918,8,3,5,1,3
23924,5,2,5,2,4
23925,9,3,2,1,2
23931,5,3,0,2,1
23935,4,2,3,2,4
23940,6,2,7,2,3
23946,5,3,5,2,3
23949,5,3,5,1,3
23956,4,2,3,2,4
23963,4,3,4,2,4
23972,10,2,5,2,4
23975,6,3,4,2,3
23977,5,2,3,1,2
23985,8,2,7,2,2
23988,3,3,4,2,4
24001,10,2,7,2,2
24007,5,2,5,1,4
24024,1,2,2,2,3
24028,6,2,5,2,1
24029,5,2,5,2,2
24034,5,1,6,2,2
24041,1,2,2,1,3
24044,5,3,3,1,5
24052,5,2,5,2,3
24057,5,2,5,2,5
24064,5,2,5,2,3
24080,1,1,2,1,4
24084,3,1,5,1,5
24087,3,3,1,1,3
24105,8,3,5,2,3
24107,5,3,7,2,4
24120,6,2,7,1,3
24125,10,3,5,2,5
24126,9,2,10,2,5
24131,9,2,7,2,3
24136,6,3,5,2,4
24142,7,3,7,2,1
24147,6,2,6,2,2
24152,7,2,8,2,5
24158,8,2,6,1,3
24160,5,1,5,1,4
24162,5,2,5,2,3
24167,5,1,5,1,2
24187,4,1,4,2,3
24191,6,3,5,2,3
24207,8,2,8,2,5
24213,10,3,8,2,5
24215,8,3,9,2,5
24227,3,3,3,1,5
24236,4,2,5,1,5
24240,8,3,0,1,4
24243,6,3,6,1,5
24248,10,2,5,2,5
24254,5,2,4,1,4
24256,8,2,7,2,5
24268,8,2,5,1,2
24270,0,2,2,1,3
24279,10,3,5,2,4
24287,6,2,5,1,5
24293,6,2,4,2,2
24300,7,2,5,2,4
24307,8,3,6,1,2
24318,5,2,7,2,5
24323,7,3,5,1,4
24328,5,2,7,2,5
24336,5,3,5,1,4
24340,5,2,3,2,1
24348,8,1,7,2,4
24352,5,3,5,2,2
24361,5,3,6,2,3
24365,10,3,8,2,3
24372,4,3,5,2,5
24381,8,3,5,2,2
24388,5,2,5,2,2
24392,5,3,5,2,2
24398,5,3,5,1,3
24404,7,2,4,2,4
24407,9,3,3,1,4
24411,5,2,6,1,3
24414,9,2,8,1,5
24425,5,3,7,1,5
24431,9,3,4,1,1
24434,4,3,2,2,5
24436,1,3,3,1,4
24439,7,3,3,2,4
24441,5,3,1,2,3
24446,4,3,1,1,5
24449,5,2,4,1,2
24457,7,2,4,1,3
24465,5,3,5,2,3
24471,7,3,5,2,2
24479,3,2,1,1,3
24486,10,2,5,2,3
24494,3,3,0,1,1
24501,9,3,9,1,2
24509,8,1,6,2,2
24520,5,3,6,1,2
24529,8,3,7,1,3
24533,7,3,3,1,2
24539,6,3,7,1,2
24545,3,2,3,1,3
24549,10,3,5,1,5
24555,6,4,5,1,4
24564,7,2,4,2,3
24566,2,3,2,1,4
24569,8,2,8,2,4
24574,9,2,7,1,1
24581,2,2,0,2,4
24587,5,3,4,1,4
24598,5,2,5,1,4
24603,8,3,8,2,5
24611,1,2,2,1,5
24620,10,3,5,1,5
24626,8,2,5,2,3
24636,4,2,0,2,3
24640,8,3,3,1,4
24648,8,2,10,1,3
24654,3,2,2,2,5
24660,5,3,4,2,4
24663,5,3,4,1,5
24664,9,3,5,2,5
24673,2,3,3,1,3
24693,5,3,1,1,5
24695,8,3,5,2,4
24701,8,3,7,2,3
24703,10,3,5,2,5
24707,4,4,4,2,5
24710,8,3,6,1,4
24711,3,4,0,1,4
24720,7,3,5,1,1
24726,5,3,3,1,5
24729,7,3,5,1,1
24737,0,2,0,2,4
24745,5,3,5,2,5
24749,7,3,4,2,4
24771,8,2,8,1,4
24790,9,3,6,2,5
24792,7,3,2,2,5
24794,7,3,2,1,4
24798,4,3,2,2,5
24799,8,3,5,1,2
24809,3,3,2,1,4
24830,9,1,5,2,3
24831,4,2,4,1,4
24834,9,1,6,1,2
24837,10,2,5,2,3
24838,5,2,4,2,1
24848,6,3,1,1,3
24849,8,3,7,2,2
24862,7,3,5,2,2
24885,10,2,3,2,5
24890,6,2,4,2,3
24891,3,2,4,1,4
24892,9,1,5,1,4
24902,8,2,1,1,4
24903,8,2,5,2,5
24910,5,2,1,2,4
24919,8,3,6,1,5
24920,8,2,5,2,4
24923,5,2,5,2,4
24932,3,2,5,2,5
24939,7,2,2,2,3
24944,5,3,5,1,4
24951,5,2,5,1,3
24959,6,3,1,2,5
24963,10,3,7,1,4
24973,3,2,3,1,5
24975,9,2,7,1,3
24987,4,2,6,2,1
24996,7,2,5,2,4
25003,7,2,2,2,5
25005,7,3,5,2,5
25012,8,1,5,1,4
25020,8,2,5,1,4
25030,8,3,6,2,3
25039,5,2,4,1,5
25041,8,2,7,2,3
25102,8,3,6,2,2
25107,7,2,6,2,1
25114,8,3,5,2,1
25118,9,3,7,1,2
25131,3,2,1,2,2
25134,9,2,5,2,2
25145,5,2,5,2,3
25157,6,3,6,1,3
25162,5,2,1,1,2
25173,5,1,5,1,2
25175,7,2,4,2,3
25180,5,3,2,1,5
25183,5,2,3,1,4
25200,0,1,0,1,3
25201,10,3,6,2,5
25202,8,3,7,2,4
25205,8,2,4,1,3
25206,6,3,5,1,2
25210,5,2,5,2,4
25219,5,3,5,2,4
25224,0,1,5,2,2
25230,5,3,6,2,4
25234,5,2,3,2,4
25243,5,3,5,1,3
25246,6,2,4,2,3
25250,8,3,5,2,3
25255,3,2,2,2,4
25260,5,3,5,1,5
25261,6,3,5,1,5
25269,2,3,5,1,4
25276,5,4,9,1,4
25280,6,2,2,1,2
25286,10,3,6,1,1
25295,10,3,3,2,4
25309,3,3,4,2,5
25319,4,2,3,1,5
25324,5,2,5,1,2
25326,5,2,5,2,1
25327,9,2,5,2,4
25331,8,2,5,2,3
25334,6,2,5,2,3
25335,6,3,8,2,3
25337,7,3,7,2,3
25368,8,2,8,2,4
25371,7,3,5,2,3
25374,5,2,5,1,3
25376,5,3,5,1,4
25383,8,3,8,1,5
25390,3,3,5,2,3
25391,5,4,5,1,1
25404,5,3,5,2,3
25408,5,3,5,2,2
25413,5,2,5,2,3
25415,8,2,5,1,4
25416,5,3,6,1,3
25428,6,2,5,2,2
25430,1,2,3,1,2
25437,5,2,3,2,5
25444,5,3,4,2,4
25454,3,3,6,1,5
25459,8,1,7,1,4
25466,3,2,3,2,5
25473,5,3,6,2,4
25480,9,2,5,2,4
25488,5,2,3,2,4
25494,6,4,5,2,2
25499,5,3,5,2,5
25504,5,3,7,1,4
25513,7,3,6,2,4
25514,9,3,3,2,2
25519,8,3,5,2,2
25524,9,4,7,2,1
25529,6,3,5,1,1
25537,5,3,5,2,4
25543,8,3,5,2,4
25545,8,3,7,2,5
25549,9,3,5,2,4
25553,5,4,7,1,5
25562,7,4,8,1,5
25563,8,3,5,2,5
25566,10,3,5,2,3
25575,8,2,6,2,5
25584,7,4,6,2,5
25590,8,3,7,2,4
25603,6,2,6,1,4
25613,7,3,7,1,4
25621,7,2,7,2,4
25622,6,3,4,2,3
25628,7,2,7,2,5
25630,7,2,8,1,4
25637,7,2,6,1,3
25640,7,2,6,2,3
25645,5,3,3,1,5
25656,5,3,2,1,5
25676,5,1,2,2,4
25678,3,3,2,1,3
25679,5,4,4,1,4
25682,8,4,6,2,4
25684,3,3,5,2,2
25685,7,2,5,1,5
25691,6,3,5,2,5
25701,7,2,4,2,4
25703,2,4,3,1,3
25707,4,3,3,2,5
25713,3,3,5,2,5
25718,5,3,4,2,5
25723,3,3,4,2,4
25729,4,3,4,2,4
25734,6,3,5,2,5
25739,4,3,4,1,3
25743,4,3,7,2,5
25746,5,4,5,1,5
25749,3,3,4,2,5
25753,4,4,4,1,4
25756,7,1,5,1,3
25757,9,4,8,1,5
25762,7,2,4,1,5
25765,6,4,4,2,5
25770,6,3,3,1,5
25779,6,4,5,1,5
25785,5,1,6,1,2
25796,6,1,4,1,3
25801,4,1,5,1,4
25805,5,2,6,1,3
25806,5,2,5,1,2
25814,6,2,5,1,4
25824,6,2,7,2,2
25832,5,2,5,1,5
25836,6,3,5,2,3
25845,5,3,4,1,2
25848,5,3,5,2,3
25861,5,3,5,2,2
25868,9,3,5,1,3
25871,8,2,5,2,3
25878,7,2,4,2,1
25884,8,2,8,1,3
25890,7,3,5,1,3
25905,5,3,7,2,3
25910,5,3,3,1,5
25911,8,3,5,1,1
25921,7,3,5,1,1
25931,7,3,5,2,4
25934,4,3,1,1,3
25936,3,2,5,1,4
25939,7,2,5,2,2
25940,5,1,7,2,2
25951,4,2,4,2,5
25953,5,2,4,2,5
25959,4,1,4,2,5
25962,5,2,5,2,5
25966,4,2,3,1,4
25968,6,2,4,2,4
25988,5,1,4,2,5
26016,5,3,2,1,4
26020,3,2,5,1,5
26034,8,3,8,2,2
26041,5,3,5,2,2
26047,5,2,6,2,2
26055,2,3,5,2,5
26064,5,3,5,1,1
26068,8,3,5,2,3
26077,5,3,5,2,2
26085,6,2,4,2,4
26088,6,2,3,2,3
26101,6,1,4,1,2
26104,7,2,5,1,2
26127,6,2,4,1,5
26128,6,3,3,2,1
26135,7,2,6,2,4
26144,6,1,6,1,2
26152,6,2,4,1,3
26154,7,1,5,1,4
26167,7,2,5,2,2
26178,4,1,5,2,2
26181,3,1,6,2,2
26188,5,1,5,2,2
26196,7,2,4,2,3
26199,6,2,5,2,2
26201,6,2,3,1,4
26204,7,2,6,2,2
26211,6,1,6,2,3
26218,6,2,5,2,2
26243,5,3,4,1,5
26245,6,3,3,2,5
26253,9,2,4,2,3
26263,5,3,5,1,3
26267,8,3,8,2,3
26271,5,3,4,1,5
26278,3,2,6,2,1
26289,7,2,4,1,3
26297,5,3,5,1,5
26298,7,3,5,1,3
26310,5,1,4,2,5
26313,5,2,4,2,4
26318,3,1,3,2,5
26322,5,2,8,1,5
26327,7,2,5,1,5
26332,5,2,5,1,4
26336,5,1,5,1,4
26343,3,3,5,2,4
26348,4,2,4,1,4
26352,2,2,5,1,5
26354,3,3,3,1,3
26357,4,2,0,2,4
26361,5,3,3,2,2
26367,5,2,5,2,4
26379,7,2,7,2,3
26390,4,1,4,2,3
26397,7,3,5,2,4
26403,4,3,4,1,1
26406,3,3,4,2,3
26414,3,3,3,1,4
26417,7,3,6,1,2
26425,4,3,4,1,5
26427,8,2,5,2,5
26433,7,3,5,1,4
26437,5,2,4,1,4
26438,3,3,4,1,3
26449,4,3,4,1,5
26459,5,2,4,1,4
26489,5,2,4,2,4
26491,5,2,3,2,5
26493,4,2,4,1,5
26499,4,2,4,1,4
26506,3,2,4,1,5
26510,5,2,4,1,4
26517,8,2,6,1,2
26521,7,3,4,1,5
26526,7,3,5,1,5
26530,8,2,5,2,1
26535,8,1,6,1,1
26539,7,3,6,1,5
26542,7,2,7,1,4
26547,8,2,6,2,4
26551,7,3,6,2,2
26567,3,2,2,1,4
26570,3,2,2,1,5
26580,5,3,2,2,4
26584,5,2,4,1,1
26596,5,3,2,1,5
26600,5,2,4,2,1
26606,5,3,2,2,2
26610,8,3,5,2,2
26612,8,2,5,2,2
26630,5,2,5,2,2
26636,8,2,7,2,5
26642,5,2,4,2,4
26646,8,2,7,2,2
26648,5,3,2,1,5
26649,5,3,4,2,5
26655,8,2,5,2,1
26660,8,3,8,2,2
26673,3,3,3,2,2
26674,8,3,5,2,5
26680,5,3,1,1,2
26688,7,3,0,2,4
26689,6,3,3,2,3
26690,5,2,5,2,4
26704,5,3,2,2,3
26712,6,3,3,1,2
26717,6,3,1,2,5
26728,2,2,2,2,4
26736,7,3,5,1,3
26740,5,2,4,1,2
26753,5,2,3,1,1
26758,5,3,4,1,1
26767,7,3,4,1,3
26769,5,1,5,2,2
26778,5,2,4,1,1
26781,5,2,6,1,1
26784,7,3,4,2,5
26789,6,3,7,1,5
26794,4,3,4,1,3
26800,7,3,7,1,5
26804,5,3,7,1,5
26809,7,3,6,1,5
26814,8,3,5,2,5
26826,6,3,5,1,5
26829,5,3,5,2,4
26835,5,3,5,2,3
26839,5,3,5,2,3
26844,5,3,5,1,2
26846,3,3,2,2,4
26848,8,2,5,2,2
26849,5,3,5,1,4
26854,4,3,8,1,5
26865,9,3,7,2,4
26868,2,2,3,2,5
26871,5,2,4,2,5
26944,6,2,7,1,5
26945,9,3,5,1,5
26946,6,3,3,2,1
26953,7,3,5,1,3
26957,4,4,4,2,4
26967,5,3,4,2,3
26970,5,3,5,1,3
26977,5,2,5,2,5
26981,0,3,2,1,2
26984,5,4,6,1,4
26989,6,2,5,1,3
26995,5,3,4,1,5
26996,5,2,3,2,5
27005,6,4,3,1,5
27023,6,3,4,2,5
27024,6,3,2,2,5
27025,6,3,5,2,5
27039,5,3,0,1,1
27041,5,2,3,1,2
27048,6,3,3,1,4
27055,5,3,5,1,5
27063,7,2,1,1,3
27070,7,3,5,1,1
27074,9,3,4,1,5
27086,7,4,3,2,2
27089,8,4,2,1,4
27094,6,3,3,1,4
27105,6,2,3,2,3
27110,5,2,5,2,4
27120,6,2,2,2,3
27134,5,2,2,2,3
27135,6,2,4,1,3
27141,5,2,3,2,3
27149,6,2,3,1,2
27170,6,2,1,2,3
27176,5,2,5,1,4
27181,6,2,4,1,3
27208,5,2,4,2,2
27210,7,2,3,2,3
27214,8,2,5,1,3
27216,3,2,3,2,3
27221,5,2,4,1,3
27228,6,2,3,2,3
27233,5,2,5,2,3
27234,6,2,1,2,1
27239,7,2,8,2,3
27247,5,2,2,2,2
27251,7,2,5,2,3
27252,6,2,3,2,1
27263,4,2,3,2,3
27269,5,2,4,2,4
27282,6,2,4,1,1
27287,7,2,3,2,1
27293,6,2,6,2,3
27294,8,3,5,2,3
27298,6,2,5,2,3
27305,5,3,4,1,3
27307,3,3,1,1,5
27311,2,2,2,1,2
27317,9,3,7,2,5
27319,4,3,3,1,5
27329,7,4,7,2,4
27333,7,2,5,1,3
27357,10,3,5,1,4
27364,5,2,4,1,3
27367,5,2,5,1,3
27398,7,2,6,2,2
27404,5,2,3,2,5
27416,5,3,5,1,3
27422,5,3,3,2,2
27424,7,2,5,2,2
27425,5,2,5,2,4
27431,9,3,7,1,2
27445,5,3,7,1,2
27447,3,1,3,2,2
27459,9,2,8,1,2
27463,8,3,7,2,3
27471,6,2,7,2,3
27476,8,2,6,1,5
27481,8,3,7,2,3
27487,7,3,8,2,3
27494,8,2,7,1,3
27500,8,2,7,2,5
27506,8,2,7,2,3
27509,7,2,7,2,3
27515,8,2,8,2,1
27525,7,2,5,2,3
27531,7,3,5,2,2
27533,7,2,5,2,1
27535,4,1,2,1,4
27539,7,3,5,1,3
27544,6,1,2,2,3
27545,6,4,3,1,5
27549,8,2,6,2,2
27584,8,3,6,2,2
27594,5,1,4,2,3
27601,3,2,2,1,5
27608,5,3,5,1,2
27613,8,2,8,2,3
27620,5,2,6,2,3
27626,7,2,5,2,5
27631,5,2,5,1,4
27637,5,2,2,2,1
27642,8,2,6,1,5
27647,5,3,6,2,2
27652,7,3,6,2,3
27657,5,3,5,1,4
27661,5,2,5,1,1
27667,4,2,5,1,2
27671,7,2,2,1,4
27673,4,3,6,1,3
27677,7,3,6,2,1
27689,9,3,5,1,4
27691,7,2,5,2,2
27696,6,2,4,2,2
27700,4,2,2,2,5
27705,6,2,5,2,2
27710,8,3,6,1,2
27715,8,3,5,1,2
27719,4,2,5,2,3
27728,5,3,4,2,4
27735,8,3,5,1,1
27739,6,3,5,1,4
27744,7,2,5,1,2
27786,5,2,5,1,3
27792,2,2,5,2,3
27801,6,3,5,2,4
27803,3,3,5,1,4
27809,2,2,5,2,5
27813,8,3,5,1,3
27821,7,3,5,1,5
27822,5,3,2,2,4
27834,5,3,4,1,5
27841,6,3,3,2,5
27846,7,1,0,2,4
27850,7,3,5,1,5
27858,8,1,3,2,3
27860,6,2,2,1,4
27868,10,2,7,2,2
27872,5,2,5,1,5
27874,5,2,5,1,3
27876,5,3,5,2,3
27884,8,2,8,2,4
27888,5,2,3,2,4
27900,5,2,5,2,4
27910,5,2,4,1,2
27915,5,3,5,1,3
27917,5,2,6,1,3
27921,8,2,4,2,2
27922,7,1,5,2,2
27932,4,2,5,1,4
27937,6,3,5,1,5
27941,6,3,3,2,2
27946,8,3,5,2,4
27950,7,2,5,2,5
27967,7,3,4,2,2
27980,6,2,5,2,2
27996,9,3,4,1,2
28003,9,3,2,2,2
28011,9,3,4,1,2
28017,9,2,3,1,3
28024,2,2,1,1,4
28038,4,2,2,1,2
28048,9,3,5,2,2
28057,6,2,2,2,4
28063,7,3,3,2,2
28076,8,2,2,2,2
28077,8,4,7,1,5
28081,7,2,6,2,5
28082,8,3,1,1,3
28088,8,3,4,1,2
28094,9,2,2,1,2
28100,8,2,4,2,2
28105,8,1,10,2,2
28111,9,2,1,2,2
28117,8,3,1,2,2
28125,8,2,6,2,3
28131,7,3,6,2,2
28133,8,2,8,2,2
28147,4,3,8,2,2
28150,7,2,3,1,3
28151,2,4,7,2,4
28169,8,3,6,2,2
28174,8,3,6,2,3
28181,8,2,8,1,4
28183,8,3,6,2,4
28184,8,3,8,2,3
28189,7,4,7,2,3
28193,8,3,8,2,2
28196,7,3,8,1,4
28203,8,3,7,1,4
28209,8,3,7,2,4
28220,8,3,7,2,2
28223,8,3,8,1,4
28251,7,3,8,2,3
28253,8,3,8,1,1
28254,8,3,8,2,1
28260,8,3,7,2,2
28264,7,3,7,1,4
28266,6,3,7,1,5
28285,7,3,7,2,3
28287,7,3,7,2,2
28292,7,3,7,2,4
28293,8,3,7,2,3
28308,5,3,7,2,3
28315,8,3,7,2,3
28322,8,3,8,1,3
28328,0,3,7,2,4
28331,8,3,5,2,3
28332,8,3,7,2,2
28335,0,3,6,1,2
28346,8,3,7,2,2
28352,8,3,7,2,3
28355,5,3,5,2,3
28374,7,3,3,1,1
28380,6,3,1,2,3
28385,8,2,5,1,1
28386,5,2,4,2,4
28391,5,2,5,2,4
28407,3,2,4,2,3
28413,4,2,4,1,1
28417,7,2,3,1,1
28427,5,3,4,2,4
28433,4,2,5,1,1
28457,5,2,5,1,4
28460,5,2,5,1,2
28465,5,2,4,2,2
28469,5,2,4,1,1
28471,5,2,4,2,4
28480,3,3,3,2,5
28484,8,2,0,1,1
28493,10,3,3,2,1
28495,8,2,5,2,2
28505,3,1,5,2,2
28509,8,2,5,2,4
28516,6,3,4,1,2
28519,6,2,5,2,1
28532,5,3,6,1,3
28534,10,2,5,2,2
28540,5,2,5,2,4
28547,5,2,5,1,2
28549,5,2,3,1,3
28551,5,2,7,1,2
28562,2,2,5,2,5
28569,2,3,5,2,4
28570,5,3,5,2,5
28573,4,3,5,2,4
28577,7,2,5,2,1
28596,5,3,7,1,4
28601,4,2,2,2,5
28607,10,3,4,2,3
28625,8,3,7,1,5
28635,3,3,7,2,4
28647,3,3,7,2,4
28656,5,3,5,2,4
28659,8,3,5,1,5
28667,1,3,2,2,4
28670,10,3,5,2,1
28673,9,3,2,2,4
28680,9,3,6,2,5
28683,5,2,5,2,5
28684,4,3,3,1,4
28692,3,3,3,2,3
28705,5,3,5,1,4
28706,7,3,7,2,4
28709,7,2,5,2,3
28715,5,2,2,2,3
28722,8,3,5,2,4
28733,7,2,5,1,3
28740,4,2,5,2,4
28747,5,2,3,2,2
28756,9,3,5,2,5
28763,6,2,1,2,2
28764,4,1,1,2,2
28768,3,2,0,1,3
28777,6,2,4,1,4
28783,7,3,5,2,1
28787,5,1,1,2,2
28790,8,2,8,2,4
28800,2,3,5,1,3
28810,8,3,7,2,5
28815,3,3,2,2,5
28816,7,3,5,1,5
28827,5,3,4,1,5
28835,7,3,4,1,4
28842,3,2,4,1,5
28844,8,2,7,1,4
28846,8,3,7,2,4
28848,5,2,3,2,4
28849,8,3,7,1,4
28854,8,3,2,1,4
28855,8,3,5,1,5
28860,8,3,2,1,3
28872,5,4,5,1,5
28880,5,3,3,1,3
28882,8,2,4,2,3
28883,5,3,5,1,5
28888,8,2,7,1,5
28889,5,3,5,1,4
28891,5,2,4,1,4
28901,8,3,5,2,5
28919,8,3,5,2,4
28920,9,4,8,1,4
28944,5,4,5,1,4
28945,7,3,6,2,4
28949,10,3,8,2,5
28955,9,3,7,2,4
28956,8,3,7,2,5
28960,8,4,7,1,3
28965,7,3,6,1,5
28972,6,3,8,2,3
28977,9,3,7,2,3
28983,4,2,5,1,3
28990,8,3,8,1,4
28994,8,3,7,1,5
29000,5,3,5,2,4
29005,9,4,4,2,4
29006,4,3,2,1,3
29009,9,3,5,1,4
29021,5,4,3,2,5
29030,10,3,3,1,3
29031,3,2,6,1,2
29038,6,3,2,2,3
29041,5,2,5,2,2
29050,8,3,4,1,2
29056,2,2,2,2,5
29060,10,3,5,2,5
29068,7,2,4,1,2
29072,7,3,5,1,2
29083,8,3,6,2,1
29088,7,3,7,1,3
29090,5,3,5,2,2
29095,5,3,3,1,2
29100,9,2,5,1,2
29110,6,2,4,2,2
29115,9,2,5,1,3
29116,9,2,5,1,4
29121,2,3,4,2,4
29126,4,2,5,1,4
29131,1,2,1,1,3
29138,3,3,2,2,4
29144,8,2,6,2,3
29149,8,3,5,2,3
29156,5,3,2,2,5
29162,4,4,2,1,4
29167,7,3,6,2,3
29174,3,3,4,2,5
29182,8,2,5,2,4
29187,8,3,7,2,5
29191,5,3,8,1,4
29200,8,2,7,2,3
29203,5,3,3,2,4
29207,7,2,3,2,2
29210,5,2,5,1,4
29222,4,3,5,2,3
29234,1,2,0,2,5
29235,7,3,5,1,3
29238,8,2,6,1,3
29242,6,2,5,1,4
29252,5,2,5,1,5
29253,4,2,3,1,4
29268,5,3,6,2,5
29283,4,2,4,2,2
29285,3,3,3,1,2
29298,5,2,5,2,5
29306,5,2,5,2,4
29312,9,3,5,1,5
29317,9,3,3,2,5
29329,5,2,5,2,2
29336,3,2,4,2,4
29342,6,3,7,2,2
29349,8,3,5,2,3
29355,4,3,4,2,1
29363,5,3,6,2,4
29370,6,3,5,2,2
29377,6,3,6,2,5
29387,5,2,4,1,4
29390,5,2,4,2,3
29397,1,3,1,2,4
29398,10,1,9,1,3
29399,7,2,2,1,2
29400,7,2,7,2,3
29425,4,3,1,1,3
29430,6,2,8,1,4
29431,5,3,3,2,2
29432,6,2,5,2,3
29441,9,3,7,2,1
29443,8,3,5,1,4
29463,9,2,7,2,5
29469,10,2,5,1,5
29474,5,2,2,2,2
29482,2,1,1,2,1
29489,5,2,5,1,5
29495,5,3,3,2,1
29502,5,1,0,1,2
29508,9,3,8,2,4
29513,9,2,8,2,5
29520,8,2,4,2,2
29530,5,2,4,1,3
29537,6,2,4,2,1
29547,3,2,2,1,5
29549,6,2,5,2,5
29561,7,2,4,1,4
29571,4,2,4,1,3
29573,7,4,6,1,4
29581,6,3,6,1,4
29586,3,2,2,1,5
29669,4,3,3,1,5
29673,5,2,3,1,3
29693,7,2,3,2,2
29695,8,2,7,1,3
29696,6,2,4,2,1
29703,5,2,3,1,1
29704,4,2,4,1,4
29706,4,3,6,1,3
29707,9,2,5,2,2
29713,2,2,4,1,3
29718,5,2,3,2,4
29730,5,4,5,2,5
29734,5,2,5,2,2
29738,8,3,5,1,2
29740,5,2,3,1,3
29748,7,2,4,2,4
29791,5,3,5,2,3
29793,7,2,6,2,3
29807,7,3,9,2,2
29813,4,3,5,2,3
29815,6,3,4,2,3
29818,8,3,8,1,2
29819,2,2,6,2,2
29824,6,1,3,2,2
29826,6,3,2,2,4
29828,5,2,7,2,3
29829,2,3,5,1,3
29834,8,3,5,1,1
29840,5,2,5,2,5
29847,6,2,5,1,3
29850,7,3,4,1,4
29851,7,2,5,2,1
29855,8,1,4,2,1
29856,2,2,4,1,2
29858,5,3,5,1,2
29868,6,2,5,2,2
29871,5,2,3,1,3
29905,5,2,3,1,2
29907,5,3,6,1,4
29917,5,3,5,2,3
29923,5,3,8,1,5
29928,5,3,5,1,5
29932,2,3,2,2,5
29939,5,1,9,2,3
29943,1,3,2,1,4
29952,5,3,9,1,3
29955,10,4,5,1,4
29957,5,3,5,1,4
29970,6,2,5,2,5
29986,8,3,7,1,5
29988,4,3,6,1,4
29993,6,3,7,2,4
29994,5,3,1,2,1
30001,3,3,2,2,4
30003,4,2,2,2,2
30011,7,3,5,1,3
30012,7,3,6,2,3
30013,5,2,5,1,4
30039,3,3,2,2,4
30043,0,3,5,2,4
30048,7,2,4,2,4
30049,7,2,5,2,2
30050,5,2,5,1,4
30053,8,3,9,1,3
30056,8,2,1,2,4
30057,5,4,5,2,3
30062,2,3,5,2,2
30063,2,2,2,1,3
30068,1,2,3,1,1
40659,2,2,2,1,3
40668,4,2,6,2,4
40671,5,2,3,2,2
40674,8,3,5,2,4
40676,5,1,1,2,3
40678,5,2,5,2,5
40682,5,2,6,1,1
40690,5,2,3,2,2
40709,8,2,6,2,2
40717,7,2,9,2,2
41285,3,3,1,1,5
41304,5,3,0,1,4
41305,5,3,5,1,3
41308,8,2,4,1,3
41310,6,2,4,1,2
41318,6,3,3,1,1
41326,5,3,4,1,2
41328,5,3,5,1,3
41329,9,3,7,1,2
41339,6,3,5,2,1
42240,4,3,5,1,1
42248,7,3,8,1,2
42258,7,3,8,2,4
42261,3,3,5,1,4
42271,5,3,4,2,4
42274,5,3,2,1,3
42278,7,3,5,2,5
42431,5,3,5,2,3
42446,2,3,4,1,1
42452,2,1,0,1,1
43786,3,2,0,1,2
43803,5,2,8,1,4
43829,5,2,4,2,2
43848,5,2,5,2,4
43868,7,2,5,1,3
43890,5,2,4,1,1
44815,2,3,1,2,4
44821,5,4,2,1,4
44828,5,2,3,1,3
44840,6,4,3,1,1
44850,2,4,1,2,5
44853,4,3,2,1,5
44857,1,4,1,1,5
44862,3,2,1,1,2
44869,1,3,1,2,5
46260,3,2,2,1,1
46264,4,3,4,1,1
46285,3,2,4,1,2
46294,8,3,3,1,5
46327,5,4,4,2,5
46339,4,3,2,1,2
46354,7,3,7,2,4
46361,6,3,5,2,4
46365,8,2,5,2,2
46366,6,3,6,1,4
46384,7,3,5,1,5
46710,2,3,5,2,4
46715,5,4,7,2,3
46729,6,4,5,1,4
47468,7,3,5,1,1
47478,8,3,5,2,3
47485,8,2,8,2,3
47489,5,2,2,1,2
47493,4,2,5,2,1
47499,3,3,2,1,3
47506,9,3,5,1,4
47512,9,3,5,1,3
47522,6,3,6,1,4
47531,9,3,5,2,2
47598,7,2,5,2,3
47611,5,2,5,2,3
47630,8,2,4,2,3
47725,7,2,8,1,5
47728,1,2,0,2,2
47731,5,2,5,2,3
47732,3,3,3,1,4
47734,5,2,5,2,1
47741,1,3,1,1,3
47742,8,1,1,2,4
47743,9,2,7,2,2
47746,3,2,5,1,4
47760,5,2,3,2,4
47771,5,1,1,1,3
47773,5,3,5,1,2
47775,2,2,3,2,1
48254,5,3,3,1,4
48265,5,3,2,2,4
48266,5,2,3,2,5
48270,8,3,4,2,4
48283,4,3,5,1,4
48284,5,3,3,1,1
48285,5,3,3,1,4
48286,4,3,2,1,4
48292,5,2,3,2,3
48301,6,3,5,2,1
49287,6,3,5,2,2
49288,10,1,2,1,2
49290,7,3,2,2,2
49302,2,2,2,2,1
49309,5,2,4,2,4
49323,3,3,5,2,3
49333,5,2,9,2,4
49342,3,2,4,1,4
49347,7,2,0,2,2
49348,7,3,4,2,2
49656,1,2,1,2,5
49662,7,2,5,2,4
49673,10,3,5,2,5
49697,7,3,5,2,3
49803,2,2,0,2,2
49821,8,3,7,2,1
49827,4,3,4,1,3
49833,5,3,5,1,5
49834,7,2,4,1,1
49839,5,3,5,2,4
49841,6,1,3,2,1
49847,7,3,4,1,2
49850,5,3,5,2,3
49851,7,3,5,1,2
49852,6,3,5,2,4
50247,6,2,7,1,5
50254,7,2,7,1,4
50271,8,2,7,2,4
50279,7,3,6,1,2
50283,7,3,7,2,3
50285,6,3,3,1,1
50290,6,3,5,1,3
50291,7,2,6,2,2
50292,8,2,7,2,2
50304,8,2,7,2,2
50313,6,3,6,1,5
51938,8,3,2,1,2
51940,5,2,5,1,4
51956,6,3,2,1,2
51958,8,2,2,2,4
51959,5,3,2,2,2
51963,8,4,2,1,2
51966,8,2,2,1,1
51981,5,2,2,2,3
51983,9,2,3,1,2
51991,2,2,1,2,1
52234,4,2,3,2,5
52250,5,3,3,1,2
52252,8,2,5,2,2
52259,6,3,4,2,3
52262,5,2,4,2,5
52272,6,3,5,2,4
52422,9,3,3,2,4
52437,10,3,5,2,3
52439,5,3,3,1,2
52440,8,2,7,2,1
52443,5,2,3,1,4
52445,6,3,4,1,5
52447,9,3,3,1,2
52449,8,3,4,2,4
52456,6,2,5,1,4
52458,5,3,5,1,3
53708,5,3,5,1,5
53713,5,2,5,1,3
53715,6,3,1,1,2
53723,5,2,5,2,2
53734,5,3,5,1,1
53736,8,3,7,2,2
53744,7,2,3,1,3
53747,8,3,4,1,2
53748,3,3,5,1,1
53753,8,2,4,1,4
53937,8,3,7,2,1
53944,3,1,8,2,2
53962,5,2,2,2,2
53973,8,2,6,2,1
53978,6,3,6,1,2
53979,5,2,4,1,1
53981,5,2,4,2,5
53983,5,3,3,2,2
53995,6,2,0,2,2
55781,5,2,3,1,3
55782,5,3,2,2,4
55785,5,1,4,2,3
55798,5,3,7,1,2
55813,4,2,1,1,3
55814,5,3,3,2,2
55819,5,3,4,1,2
55824,3,1,4,2,2
55827,6,2,5,2,4
55828,3,2,5,2,4
55885,5,3,3,2,4
55886,4,3,2,2,5
55892,5,2,3,2,2
55893,4,3,4,2,2
55894,5,3,3,2,2
55896,5,3,4,1,1
55913,4,3,2,2,3
55921,4,3,3,2,3
55923,5,3,4,2,4
55936,4,3,5,2,3
56325,5,3,4,2,2
56332,3,3,2,2,3
56341,9,3,6,2,1
56349,5,1,3,2,1
56357,5,2,5,2,2
56370,3,3,3,1,2
56376,6,2,3,1,3
56383,9,2,7,2,5
56391,3,3,5,1,3
56402,10,3,5,2,1
56700,6,3,5,1,3
56706,5,3,3,2,4
56708,5,3,5,2,2
56716,5,3,5,1,2
56721,7,3,2,1,2
56725,6,3,5,2,2
56726,5,3,3,2,3
56737,5,3,5,1,4
56740,7,3,5,1,2
56791,5,2,4,1,3
56798,3,2,3,1,4
56803,3,2,0,1,4
56827,5,2,3,2,4
56842,5,3,4,1,5
56846,6,2,3,2,3
60317,8,2,6,1,4
60318,8,3,3,2,4
60335,0,1,0,1,2
60356,5,2,4,1,4
60358,5,2,5,1,3
60362,4,2,2,1,5
60369,6,2,5,1,3
60375,7,3,2,2,5
60379,8,3,5,1,5
60384,7,1,5,2,3
60391,1,3,3,1,3
60403,5,2,2,1,3
60405,5,2,5,1,4
60413,5,2,5,2,1
60417,5,2,2,2,3
60426,2,2,0,2,2
60429,5,2,3,1,3
60433,5,3,3,1,1
60445,5,3,5,1,2
64910,5,2,2,2,5
64925,5,2,2,2,2
64933,3,2,1,1,3
64941,7,3,5,1,3
64950,7,1,4,2,2
64956,7,2,6,2,2
64963,8,2,3,2,2
64965,5,1,5,2,2
64972,7,2,3,1,3
64979,5,2,5,1,2
65836,5,2,4,2,4
65850,7,2,6,1,1
65854,6,2,6,2,1
65864,5,2,4,2,5
67143,3,2,1,1,3
67149,6,2,6,2,3
67160,5,2,5,1,4
67165,3,1,4,2,3
67170,5,2,5,1,4
67176,5,1,4,1,3
69234,8,3,5,1,3
69241,0,1,0,1,4
69242,7,3,7,1,2
69251,9,3,6,2,2
69256,9,3,8,1,1
69263,5,3,4,1,2
69268,5,2,6,2,3
69274,8,3,7,2,3
69280,6,3,5,2,1
69286,5,2,5,1,2
70007,9,3,4,2,2
70021,6,3,5,2,2
70025,6,2,5,2,1
70028,5,3,4,1,1
70031,5,3,3,2,3
70033,8,2,5,1,2
70037,3,2,3,2,4
70044,8,2,4,2,2
70048,8,2,4,2,2
70058,8,3,4,2,3
70070,5,2,5,1,2
70077,10,2,5,2,2
70078,6,1,4,2,1
70080,6,3,2,1,1
70099,5,3,5,1,2
70103,3,2,5,2,3
70104,8,2,7,2,2
70116,4,2,3,2,3
70125,5,3,5,2,5
70130,5,2,3,2,2
70225,5,2,6,2,3
70226,5,3,5,2,2
70228,5,2,5,2,2
70240,5,3,5,1,5
70241,6,2,4,1,2
70247,6,2,3,2,3
70248,9,1,5,2,3
70253,8,2,7,2,4
70254,4,2,4,2,2
70256,8,3,8,2,3
80000,5,3,4,1,1
80001,7,3,3,1,1
80002,5,4,4,1,1
80003,5,3,5,1,1
80004,5,4,4,1,1
80005,9,3,3,1,1
80006,8,1,0,1,1
80007,7,2,6,1,1
80008,5,3,5,1,1
80009,6,4,3,1,1
80011,7,2,5,1,2
80012,9,3,7,1,2
80013,2,1,4,1,2
80014,5,3,3,1,2
80015,5,3,4,1,2
80016,7,4,7,1,2
80017,7,3,5,1,3
80018,5,3,8,1,3
80019,5,2,3,1,3
80020,6,2,3,1,3
80021,5,3,5,1,3
80022,5,2,4,1,3
80023,5,2,5,1,3
80024,3,3,3,1,3
80025,7,2,5,2,1
80026,5,3,7,2,1
80027,5,2,7,2,1
80028,5,1,5,2,1
80031,7,3,3,1,1
80032,7,3,4,1,1
80033,5,3,5,1,1
80034,8,4,4,1,1
80035,2,3,2,1,1
80036,8,3,3,1,1
80037,3,4,3,1,1
80038,9,3,3,1,1
80039,6,3,3,1,1
80040,6,3,2,1,1
80041,4,2,3,1,1
80042,8,3,5,1,1
80043,8,3,5,1,1
80044,3,3,0,1,1
80045,3,3,2,1,3
80046,7,3,2,1,3
80047,6,3,2,1,3
80048,6,3,5,1,3
80049,9,3,4,1,3
80051,7,2,1,2,1
80052,4,3,3,2,1
80053,3,3,3,1,1
80054,5,2,5,2,1
80055,9,2,7,1,1
80056,5,3,5,1,1
80057,7,3,6,2,1
80058,10,1,3,2,1
80059,5,1,7,2,1
80061,3,1,2,1,1
80062,8,3,4,1,1
80063,5,3,6,1,3
80064,8,3,7,1,1
80065,5,2,5,1,1
80066,3,3,5,1,3
80067,5,1,1,1,1
80068,5,3,5,1,3
80069,5,3,3,1,3
80070,9,1,3,1,1
80071,5,4,5,1,1
80072,5,2,5,1,1
80073,6,2,5,1,1
80074,8,2,5,1,1
80075,8,3,4,1,1
80081,8,1,5,1,1
80082,7,2,5,1,1
80083,6,2,5,1,2
80084,4,2,2,1,1
80085,5,2,1,1,1
80086,1,2,1,1,1
80087,2,2,7,1,1
80088,3,3,3,1,1
80089,7,3,5,1,2
80090,7,2,8,1,2
80091,6,3,3,1,2
80092,10,2,4,1,2
80093,8,2,5,1,2
80094,8,2,3,1,2
80095,7,2,4,1,2
80096,5,2,4,1,4
80097,7,2,5,1,4
80098,7,3,7,1,4
80099,5,2,7,1,4
80101,5,3,7,1,1
80102,6,2,4,1,1
80103,7,3,5,2,1
80104,7,2,8,2,1
80105,5,2,6,1,1
80106,7,1,2,1,1
80107,7,3,6,2,1
80108,8,2,5,2,1
80109,6,2,6,1,1
80110,8,3,4,2,1
80111,7,2,4,2,1
80112,4,2,4,1,1
80113,8,3,3,1,1
80114,6,2,6,1,1
80115,6,2,5,1,2
80116,3,2,3,1,1
80117,5,2,5,2,1
80118,7,2,5,2,1
80119,3,2,3,2,1
80120,5,2,6,1,1
80131,6,2,4,1,2
80132,6,3,5,1,2
80133,5,3,2,1,2
80134,6,2,3,2,1
80135,5,1,4,2,1
80136,5,2,4,2,1
80137,5,1,5,2,1
80138,5,2,6,1,3
80139,6,1,5,1,3
80140,6,2,5,1,1
80141,5,1,3,1,1
80142,5,2,3,1,1
80143,8,2,4,1,1
80144,6,2,5,1,2
80145,5,3,0,1,2
80146,8,3,3,1,2
80147,6,4,4,2,1
80148,5,2,4,2,1
80149,4,3,2,2,1
80150,5,3,2,2,1
80151,1,1,1,1,3
80152,5,2,2,1,3
80153,6,4,3,1,1
80154,10,3,0,1,1
80155,5,3,2,1,1
80156,7,4,1,1,1
80157,5,4,2,1,1
80158,10,1,2,1,2
80159,8,2,6,1,2
80160,7,2,4,1,2
80161,8,2,5,2,1
80162,5,3,3,2,1
80163,5,2,5,1,3
80164,4,3,5,1,3
80165,5,3,5,1,3
80166,5,2,1,1,1
80167,8,3,5,1,1
80168,9,2,6,1,1
80169,9,3,5,1,1
80171,6,1,2,1,1
80172,5,1,0,1,1
80173,5,3,3,1,1
80174,3,2,3,1,1
80175,6,2,6,1,2
80176,3,3,7,1,2
80177,7,2,5,1,2
80178,9,1,2,1,3
80179,6,2,6,1,3
80180,8,3,5,1,3
80181,7,3,5,2,1
80182,5,2,2,1,1
80183,5,2,1,1,1
80184,5,2,1,1,1
80185,3,2,2,1,1
80186,6,2,5,1,2
80187,6,3,3,1,2
80188,4,2,4,1,3
80189,6,2,5,1,2
80190,5,2,2,1,3
80191,5,2,1,1,3
80211,7,3,6,1,1
80212,5,3,5,1,1
80213,4,2,4,1,1
80214,10,3,5,1,1
80215,5,1,4,1,1
80216,4,4,2,1,1
80217,7,3,6,1,1
80218,9,3,5,1,1
80219,2,3,2,1,1
80220,7,2,5,1,1
80221,8,3,5,1,3
80222,10,2,8,1,3
80223,5,3,5,1,3
80224,4,3,7,1,1
80225,5,2,5,1,1
80226,6,2,5,1,1
80227,2,1,3,1,1
80228,2,2,3,1,1
80229,6,3,4,1,1
80230,8,3,6,1,1
80231,5,3,5,1,1
80232,3,2,1,1,1
80233,5,2,3,1,3
80234,9,1,6,2,1
80241,5,3,5,1,3
80242,7,1,5,2,3
80243,6,4,9,2,1
80244,8,3,5,1,1
80245,5,1,5,1,2
80246,5,3,3,1,1
80247,3,2,0,2,1
80248,5,4,5,1,1
80249,5,2,6,1,1
80250,8,3,5,1,1
80251,8,1,2,2,1
80252,9,2,6,2,1
80253,7,3,5,2,1
80254,5,2,3,1,1
80255,4,3,3,1,1
80256,7,2,5,1,1
80257,10,4,5,1,1
80258,7,3,7,1,2
80259,6,2,6,2,1
80260,7,3,4,2,1
80261,5,2,1,2,1
80262,3,3,2,1,1
80263,2,2,4,1,1
80264,2,4,1,1,2
80265,5,1,1,1,1
80266,1,3,3,1,3
80267,5,1,2,2,1
80268,10,2,5,1,1
80269,5,3,4,1,1
80270,5,3,7,1,1
80271,8,2,7,1,3
80272,9,4,5,1,3
80273,5,3,8,2,1
80274,5,2,2,2,1
80275,4,2,1,1,2
80281,5,4,3,1,1
80282,0,1,4,1,1
80283,1,2,1,2,1
80284,5,2,5,1,1
80285,7,1,10,1,1
80286,5,2,5,1,1
80287,5,2,5,1,1
80288,1,1,2,2,1
80289,5,3,0,1,1
80290,7,1,5,1,1
80291,5,2,5,2,1
80292,3,3,2,1,1
80293,6,3,6,2,1
80294,3,3,0,1,1
80295,4,3,6,1,1
80296,0,3,5,1,1
80297,7,2,10,1,1
80298,5,3,5,1,1
80299,0,1,8,2,1
80301,6,1,1,1,1
80302,8,4,8,1,1
80303,6,2,5,1,1
80304,5,2,5,1,1
80305,5,2,5,1,1
80306,6,3,7,1,1
80307,9,3,3,1,1
80308,6,2,5,1,1
80309,4,3,5,1,1
80310,7,2,0,1,1
80311,3,3,5,1,1
80312,5,2,5,1,2
80313,5,3,5,1,2
80314,7,2,10,1,2
80315,5,2,5,1,2
80316,2,3,4,1,2
80317,8,2,8,1,2
80318,5,3,5,1,2
80319,5,2,5,1,3
80320,8,3,7,1,3
80321,7,2,0,1,3
80322,5,2,5,1,3
80323,1,3,2,2,1
80324,8,3,8,2,1
80325,5,2,5,2,1
80326,4,1,7,2,1
80327,5,1,5,2,1
80328,2,2,3,2,1
80329,7,1,5,2,1
80330,8,2,6,2,1
80331,8,1,5,2,1
80341,1,1,5,1,1
80342,3,1,5,1,1
80343,5,3,5,1,1
80344,5,2,5,1,1
80345,4,3,3,1,1
80346,5,2,4,1,1
80347,5,3,4,1,1
80348,10,1,1,1,1
80349,8,3,6,1,1
80350,10,4,7,1,1
80351,5,2,5,1,1
80352,7,4,5,1,1
80353,5,4,4,1,1
80354,7,3,3,1,1
80355,6,3,4,1,1
80356,6,3,7,1,1
80357,4,3,5,2,1
80358,7,2,6,2,1
80359,5,3,5,2,1
80360,7,1,3,2,1
80361,7,3,5,2,1
80371,6,3,4,1,1
80372,2,1,0,1,1
80373,7,3,1,1,1
80374,5,3,5,1,1
80375,3,3,0,1,1
80376,3,1,2,1,1
80377,8,2,5,1,1
80378,1,4,0,1,1
